[
    {
        "company": "Siemens",
        "pointer": "7",
        "branch": "All (UG)",
        "CE": 4,
        "ENTC": 4,
        "IT": 1,
        "male": 1,
        "female": 8,
        "total": 9,
        "salary": 11,
        "date": 1644278400000,
        "investment": 99
    },
    {
        "company": "Espressif Systems",
        "pointer": "8",
        "branch": "All (UG)",
        "CE": 1,
        "ENTC": 0,
        "IT": 0,
        "male": 1,
        "female": 0,
        "total": 1,
        "salary": 18.9,
        "date": 1649376000000,
        "investment": 18.9
    },
    {
        "company": "Ittiam Systems",
        "pointer": "8.53",
        "branch": "All (UG)",
        "CE": 0,
        "ENTC": 0,
        "IT": 1,
        "male": 1,
        "female": 0,
        "total": 1,
        "salary": 16,
        "date": 1657238400000,
        "investment": 16
    },
    {
        "company": "FinIQ",
        "pointer": "7",
        "branch": "All (UG)",
        "CE": 2,
        "ENTC": 1,
        "IT": 1,
        "male": 3,
        "female": 1,
        "total": 4,
        "salary": 15,
        "date": 1654646400000,
        "investment": 60
    },
    {
        "company": "Trilogy Innovations",
        "pointer": "NC",
        "branch": "All (UG)",
        "CE": 0,
        "ENTC": 0,
        "IT": 0,
        "male": 0,
        "female": 0,
        "total": 0,
        "salary": 36.5,
        "date": 1660435200000,
        "investment": 0
    },
    {
        "company": "Bajaj Finserv",
        "pointer": "7",
        "branch": "All (UG)",
        "CE": 17,
        "ENTC": 27,
        "IT": 8,
        "male": 40,
        "female": 12,
        "total": 52,
        "salary": 12.8,
        "date": 1659916800000,
        "investment": 665.6
    },
    {
        "company": "Avaya",
        "pointer": "8.5",
        "branch": "All (UG)",
        "CE": 3,
        "ENTC": 2,
        "IT": 4,
        "male": 8,
        "female": 1,
        "total": 9,
        "salary": 12,
        "date": 1662595200000,
        "investment": 108
    },
    {
        "company": "PhonePe",
        "pointer": "6",
        "branch": "All (UG)",
        "CE": 2,
        "ENTC": 1,
        "IT": 1,
        "male": 4,
        "female": 0,
        "total": 4,
        "salary": 33.14,
        "date": 1641600000000,
        "investment": 132.56
    },
    {
        "company": "UBS",
        "pointer": "7",
        "branch": "All (UG)",
        "CE": 6,
        "ENTC": 7,
        "IT": 5,
        "male": 17,
        "female": 1,
        "total": 18,
        "salary": 12.5,
        "date": 1661385600000,
        "investment": 225
    },
    {
        "company": "Deutsche Bank",
        "pointer": "7",
        "branch": "All (UG)",
        "CE": 15,
        "ENTC": 10,
        "IT": 8,
        "male": 14,
        "female": 19,
        "total": 33,
        "salary": 19.63,
        "date": 1658880000000,
        "investment": 647.79
    },
    {
        "company": "TIAA India",
        "pointer": "NC",
        "branch": "All (UG)",
        "CE": 4,
        "ENTC": 4,
        "IT": 0,
        "male": 6,
        "female": 2,
        "total": 8,
        "salary": 10.48,
        "date": 1660348800000,
        "investment": 83.84
    },
    {
        "company": "EQ Technologic",
        "pointer": "NC",
        "branch": "All (UG)",
        "CE": 6,
        "ENTC": 0,
        "IT": 2,
        "male": 8,
        "female": 0,
        "total": 8,
        "salary": 13.88,
        "date": 1660608000000,
        "investment": 111.04
    },
    {
        "company": "EQ Technologic",
        "pointer": "NC",
        "branch": "All (UG)",
        "CE": 0,
        "ENTC": 3,
        "IT": 0,
        "male": 3,
        "female": 0,
        "total": 3,
        "salary": 11.13,
        "date": 1660608000000,
        "investment": 33.39
    },
    {
        "company": "Mastercard",
        "pointer": "7.5",
        "branch": "All (UG)",
        "CE": 3,
        "ENTC": 0,
        "IT": 1,
        "male": 3,
        "female": 1,
        "total": 4,
        "salary": 13.4,
        "date": 1667865600000,
        "investment": 53.6
    },
    {
        "company": "Mastercard",
        "pointer": "7",
        "branch": "All (UG)",
        "CE": 15,
        "ENTC": 1,
        "IT": 0,
        "male": 9,
        "female": 7,
        "total": 16,
        "salary": 13.4,
        "date": 1666051200000,
        "investment": 214.4
    },
    {
        "company": "Mastercard",
        "pointer": "7.5",
        "branch": "All (UG)",
        "CE": 2,
        "ENTC": 1,
        "IT": 1,
        "male": 2,
        "female": 2,
        "total": 4,
        "salary": 13.4,
        "date": 1671408000000,
        "investment": 53.6
    },
    {
        "company": "BNY Mellon",
        "pointer": "8",
        "branch": "All (UG)",
        "CE": 9,
        "ENTC": 4,
        "IT": 7,
        "male": 16,
        "female": 4,
        "total": 20,
        "salary": 21.64,
        "date": 1670457600000,
        "investment": 432.8
    },
    {
        "company": "Kylas",
        "pointer": "7",
        "branch": "CS & IT (UG)",
        "CE": 2,
        "ENTC": 0,
        "IT": 2,
        "male": 4,
        "female": 0,
        "total": 4,
        "salary": 13,
        "date": 1673568000000,
        "investment": 52
    },
    {
        "company": "Turtlemint",
        "pointer": "7",
        "branch": "All (UG)",
        "CE": 4,
        "ENTC": 0,
        "IT": 1,
        "male": 4,
        "female": 1,
        "total": 5,
        "salary": 18,
        "date": 1660521600000,
        "investment": 90
    },
    {
        "company": "Barclays",
        "pointer": "NC",
        "branch": "CS & IT (UG)",
        "CE": 13,
        "ENTC": 0,
        "IT": 9,
        "male": 10,
        "female": 12,
        "total": 22,
        "salary": 12.6,
        "date": 1641686400000,
        "investment": 277.2
    },
    {
        "company": "PubMatic India",
        "pointer": "NC",
        "branch": "CS & IT (UG)",
        "CE": 10,
        "ENTC": 0,
        "IT": 6,
        "male": 15,
        "female": 1,
        "total": 16,
        "salary": 13,
        "date": 1660694400000,
        "investment": 208
    },
    {
        "company": "Druva",
        "pointer": "8",
        "branch": "CS & IT (UG)",
        "CE": 3,
        "ENTC": 0,
        "IT": 3,
        "male": 5,
        "female": 1,
        "total": 6,
        "salary": 20.01,
        "date": 1661385600000,
        "investment": 120.06
    },
    {
        "company": "Veritas India",
        "pointer": "NC",
        "branch": "CS & IT (UG)",
        "CE": 0,
        "ENTC": 0,
        "IT": 2,
        "male": 2,
        "female": 0,
        "total": 2,
        "salary": 15.97,
        "date": 1661040000000,
        "investment": 31.94
    },
    {
        "company": "Ion",
        "pointer": "NC",
        "branch": "All (UG)",
        "CE": 3,
        "ENTC": 2,
        "IT": 4,
        "male": 7,
        "female": 2,
        "total": 9,
        "salary": 14.1,
        "date": 1661040000000,
        "investment": 126.9
    },
    {
        "company": "IDeaS",
        "pointer": "8",
        "branch": "CS & IT (UG)",
        "CE": 2,
        "ENTC": 0,
        "IT": 2,
        "male": 1,
        "female": 3,
        "total": 4,
        "salary": 10.17,
        "date": 1661212800000,
        "investment": 40.68
    },
    {
        "company": "Toshiba",
        "pointer": "7",
        "branch": "All (UG)",
        "CE": 1,
        "ENTC": 1,
        "IT": 1,
        "male": 3,
        "female": 0,
        "total": 3,
        "salary": 10,
        "date": 1661817600000,
        "investment": 30
    },
    {
        "company": "HSBC",
        "pointer": "NC",
        "branch": "All (UG)",
        "CE": 5,
        "ENTC": 6,
        "IT": 4,
        "male": 9,
        "female": 6,
        "total": 15,
        "salary": 9,
        "date": 1662681600000,
        "investment": 135
    },
    {
        "company": "Incubyte",
        "pointer": "NC",
        "branch": "All (UG)",
        "CE": 0,
        "ENTC": 2,
        "IT": 1,
        "male": 3,
        "female": 0,
        "total": 3,
        "salary": 11,
        "date": 1660003200000,
        "investment": 33
    },
    {
        "company": "Ugam",
        "pointer": "8",
        "branch": "All (UG)",
        "CE": 0,
        "ENTC": 0,
        "IT": 2,
        "male": 2,
        "female": 0,
        "total": 2,
        "salary": 9,
        "date": 1660003200000,
        "investment": 18
    },
    {
        "company": "Elastic Run",
        "pointer": "7",
        "branch": "CS & IT (UG)",
        "CE": 1,
        "ENTC": 0,
        "IT": 1,
        "male": 0,
        "female": 2,
        "total": 2,
        "salary": 8,
        "date": 1663027200000,
        "investment": 16
    },
    {
        "company": "Trading Technologies",
        "pointer": "7",
        "branch": "All (UG)",
        "CE": 0,
        "ENTC": 0,
        "IT": 1,
        "male": 1,
        "female": 0,
        "total": 1,
        "salary": 12,
        "date": 1665705600000,
        "investment": 12
    },
    {
        "company": "Aspect Ratio",
        "pointer": "7",
        "branch": "All (UG)",
        "CE": 1,
        "ENTC": 0,
        "IT": 1,
        "male": 2,
        "female": 0,
        "total": 2,
        "salary": 14,
        "date": 1652054400000,
        "investment": 28
    },
    {
        "company": "RIA Advisory LLP",
        "pointer": "7",
        "branch": "All (UG)",
        "CE": 3,
        "ENTC": 4,
        "IT": 2,
        "male": 7,
        "female": 2,
        "total": 9,
        "salary": 9.25,
        "date": 1644364800000,
        "investment": 83.25
    },
    {
        "company": "Lowe's India",
        "pointer": "NC",
        "branch": "All (UG)",
        "CE": 1,
        "ENTC": 0,
        "IT": 0,
        "male": 1,
        "female": 0,
        "total": 1,
        "salary": 18.36,
        "date": 1661472000000,
        "investment": 18.36
    },
    {
        "company": "Principal Global Services",
        "pointer": "NC",
        "branch": "All (UG)",
        "CE": 2,
        "ENTC": 10,
        "IT": 5,
        "male": 14,
        "female": 3,
        "total": 17,
        "salary": 8,
        "date": 1652054400000,
        "investment": 136
    },
    {
        "company": "Samsung Semiconductor_x000D_India Research",
        "pointer": "7",
        "branch": "All (UG)",
        "CE": 2,
        "ENTC": 5,
        "IT": 1,
        "male": 7,
        "female": 1,
        "total": 8,
        "salary": 21,
        "date": 1664150400000,
        "investment": 168
    },
    {
        "company": "Innoplexus",
        "pointer": "6.5",
        "branch": "All (UG)",
        "CE": 2,
        "ENTC": 2,
        "IT": 3,
        "male": 7,
        "female": 0,
        "total": 7,
        "salary": 12,
        "date": 1663286400000,
        "investment": 84
    },
    {
        "company": "ACI Worldwide",
        "pointer": "7",
        "branch": "All (UG)",
        "CE": 9,
        "ENTC": 1,
        "IT": 4,
        "male": 9,
        "female": 5,
        "total": 14,
        "salary": 12,
        "date": 1663027200000,
        "investment": 168
    },
    {
        "company": "ZS Associates",
        "pointer": "7",
        "branch": "All (UG)",
        "CE": 3,
        "ENTC": 3,
        "IT": 3,
        "male": 2,
        "female": 7,
        "total": 9,
        "salary": 13.65,
        "date": 1663286400000,
        "investment": 122.85
    },
    {
        "company": "CLSA",
        "pointer": "NC",
        "branch": "CS & IT (UG)",
        "CE": 1,
        "ENTC": 2,
        "IT": 6,
        "male": 7,
        "female": 2,
        "total": 9,
        "salary": 8.4,
        "date": 1663372800000,
        "investment": 75.6
    },
    {
        "company": "Source.One",
        "pointer": "NC",
        "branch": "All (UG)",
        "CE": 0,
        "ENTC": 3,
        "IT": 0,
        "male": 3,
        "female": 0,
        "total": 3,
        "salary": 12,
        "date": 1663718400000,
        "investment": 36
    },
    {
        "company": "Quantiphi Analytics",
        "pointer": "NC",
        "branch": "All (UG)",
        "CE": 3,
        "ENTC": 7,
        "IT": 1,
        "male": 8,
        "female": 3,
        "total": 11,
        "salary": 8.5,
        "date": 1662768000000,
        "investment": 93.5
    },
    {
        "company": "e2open",
        "pointer": "7.5",
        "branch": "CS & IT (UG)",
        "CE": 8,
        "ENTC": 0,
        "IT": 12,
        "male": 10,
        "female": 10,
        "total": 20,
        "salary": 8,
        "date": 1663200000000,
        "investment": 160
    },
    {
        "company": "Searce",
        "pointer": "6.5",
        "branch": "All (UG)",
        "CE": 3,
        "ENTC": 4,
        "IT": 1,
        "male": 6,
        "female": 2,
        "total": 8,
        "salary": 12,
        "date": 1663545600000,
        "investment": 96
    },
    {
        "company": "NICE Inc.",
        "pointer": "6.5",
        "branch": "All (UG)",
        "CE": 5,
        "ENTC": 13,
        "IT": 2,
        "male": 12,
        "female": 8,
        "total": 20,
        "salary": 8,
        "date": 1664236800000,
        "investment": 160
    },
    {
        "company": "Amdocs",
        "pointer": "NC",
        "branch": "All (UG)",
        "CE": 1,
        "ENTC": 2,
        "IT": 2,
        "male": 4,
        "female": 1,
        "total": 5,
        "salary": 6.5,
        "date": 1664323200000,
        "investment": 32.5
    },
    {
        "company": "Arista Networks",
        "pointer": "7.5",
        "branch": "All (UG)",
        "CE": 2,
        "ENTC": 0,
        "IT": 0,
        "male": 2,
        "female": 0,
        "total": 2,
        "salary": 28.1,
        "date": 1664409600000,
        "investment": 56.2
    },
    {
        "company": "Energy Exemplar",
        "pointer": "7",
        "branch": "All (UG)",
        "CE": 1,
        "ENTC": 2,
        "IT": 1,
        "male": 3,
        "female": 1,
        "total": 4,
        "salary": 11,
        "date": 1664409600000,
        "investment": 44
    },
    {
        "company": "Wissen Technology",
        "pointer": "NC",
        "branch": "All (UG)",
        "CE": 3,
        "ENTC": 4,
        "IT": 3,
        "male": 9,
        "female": 1,
        "total": 10,
        "salary": 8,
        "date": 1665619200000,
        "investment": 80
    },
    {
        "company": "EXL",
        "pointer": "6",
        "branch": "All (UG)",
        "CE": 1,
        "ENTC": 5,
        "IT": 2,
        "male": 5,
        "female": 3,
        "total": 8,
        "salary": 6.5,
        "date": 1666051200000,
        "investment": 52
    },
    {
        "company": "Oracle",
        "pointer": "7",
        "branch": "All (UG)",
        "CE": 2,
        "ENTC": 6,
        "IT": 6,
        "male": 12,
        "female": 2,
        "total": 14,
        "salary": 7,
        "date": 1664496000000,
        "investment": 98
    },
    {
        "company": "Visteon",
        "pointer": "8.5",
        "branch": "All (UG)",
        "CE": 0,
        "ENTC": 4,
        "IT": 0,
        "male": 4,
        "female": 0,
        "total": 4,
        "salary": 7,
        "date": 1665964800000,
        "investment": 28
    },
    {
        "company": "Berkadia",
        "pointer": "NC",
        "branch": "All (UG)",
        "CE": 1,
        "ENTC": 0,
        "IT": 1,
        "male": 2,
        "female": 0,
        "total": 2,
        "salary": 8.5,
        "date": 1644537600000,
        "investment": 17
    },
    {
        "company": "Datametica",
        "pointer": "8.9",
        "branch": "All (UG)",
        "CE": 1,
        "ENTC": 1,
        "IT": 1,
        "male": 3,
        "female": 0,
        "total": 3,
        "salary": 10,
        "date": 1666051200000,
        "investment": 30
    },
    {
        "company": "Infogen Labs",
        "pointer": "NC",
        "branch": "CS",
        "CE": 0,
        "ENTC": 0,
        "IT": 5,
        "male": 3,
        "female": 2,
        "total": 5,
        "salary": 8,
        "date": 1666828800000,
        "investment": 40
    },
    {
        "company": "Cloudlex",
        "pointer": "7.5",
        "branch": "All (UG)",
        "CE": 3,
        "ENTC": 0,
        "IT": 0,
        "male": 3,
        "female": 0,
        "total": 3,
        "salary": 11.5,
        "date": 1666137600000,
        "investment": 34.5
    },
    {
        "company": "HDFC Bank",
        "pointer": "NC",
        "branch": "All (UG)",
        "CE": 2,
        "ENTC": 1,
        "IT": 2,
        "male": 5,
        "female": 0,
        "total": 5,
        "salary": 12.42,
        "date": 1666224000000,
        "investment": 62.1
    },
    {
        "company": "Promobi Technology",
        "pointer": "7",
        "branch": "All (UG)",
        "CE": 1,
        "ENTC": 0,
        "IT": 1,
        "male": 2,
        "female": 0,
        "total": 2,
        "salary": 8,
        "date": 1666915200000,
        "investment": 16
    },
    {
        "company": "TCS R&I",
        "pointer": "8",
        "branch": "All (UG)",
        "CE": 2,
        "ENTC": 0,
        "IT": 1,
        "male": 2,
        "female": 1,
        "total": 3,
        "salary": 9,
        "date": 1644624000000,
        "investment": 27
    },
    {
        "company": "RBL Bank",
        "pointer": "NC",
        "branch": "All (UG)",
        "CE": 6,
        "ENTC": 0,
        "IT": 0,
        "male": 5,
        "female": 1,
        "total": 6,
        "salary": 9,
        "date": 1654992000000,
        "investment": 54
    },
    {
        "company": "Media.net",
        "pointer": "6.5",
        "branch": "All (UG)",
        "CE": 1,
        "ENTC": 0,
        "IT": 0,
        "male": 1,
        "female": 0,
        "total": 1,
        "salary": 15.8,
        "date": 1668988800000,
        "investment": 15.8
    },
    {
        "company": "Fold Health",
        "pointer": "6.75",
        "branch": "CS & IT (UG)",
        "CE": 3,
        "ENTC": 0,
        "IT": 0,
        "male": 2,
        "female": 1,
        "total": 3,
        "salary": 9,
        "date": 1669420800000,
        "investment": 27
    },
    {
        "company": "Launch Ventures",
        "pointer": "6.5",
        "branch": "All (UG)",
        "CE": 1,
        "ENTC": 1,
        "IT": 2,
        "male": 2,
        "female": 2,
        "total": 4,
        "salary": 6,
        "date": 1669507200000,
        "investment": 24
    },
    {
        "company": "Deloitte India",
        "pointer": "6.5",
        "branch": "All (UG)",
        "CE": 1,
        "ENTC": 6,
        "IT": 1,
        "male": 6,
        "female": 2,
        "total": 8,
        "salary": 7,
        "date": 1669766400000,
        "investment": 56
    },
    {
        "company": "Imagination_x000D_Technologies",
        "pointer": "8",
        "branch": "All (UG)",
        "CE": 0,
        "ENTC": 1,
        "IT": 0,
        "male": 1,
        "female": 0,
        "total": 1,
        "salary": 12,
        "date": 1660262400000,
        "investment": 12
    },
    {
        "company": "Dragonfly Financial_x000D_Technologies",
        "pointer": "6.5",
        "branch": "All (UG)",
        "CE": 0,
        "ENTC": 3,
        "IT": 7,
        "male": 8,
        "female": 2,
        "total": 10,
        "salary": 12,
        "date": 1671148800000,
        "investment": 120
    },
    {
        "company": "Findability Sciences",
        "pointer": "8",
        "branch": "All (UG)",
        "CE": 0,
        "ENTC": 0,
        "IT": 1,
        "male": 1,
        "female": 0,
        "total": 1,
        "salary": 6,
        "date": 1671580800000,
        "investment": 6
    },
    {
        "company": "Findability Sciences",
        "pointer": "8",
        "branch": "All (UG)",
        "CE": 1,
        "ENTC": 0,
        "IT": 0,
        "male": 1,
        "female": 0,
        "total": 1,
        "salary": 8,
        "date": 1671580800000,
        "investment": 8
    },
    {
        "company": "Miko",
        "pointer": "6.5",
        "branch": "All (UG)",
        "CE": 0,
        "ENTC": 1,
        "IT": 0,
        "male": 1,
        "female": 0,
        "total": 1,
        "salary": 12,
        "date": 1671753600000,
        "investment": 12
    },
    {
        "company": "Dataeaze",
        "pointer": "6.5",
        "branch": "All (UG)",
        "CE": 1,
        "ENTC": 3,
        "IT": 0,
        "male": 3,
        "female": 1,
        "total": 4,
        "salary": 8,
        "date": 1671667200000,
        "investment": 32
    },
    {
        "company": "AGCO",
        "pointer": "7.5",
        "branch": "All (UG)",
        "CE": 1,
        "ENTC": 10,
        "IT": 0,
        "male": 7,
        "female": 4,
        "total": 11,
        "salary": 7.5,
        "date": 1674000000000,
        "investment": 82.5
    },
    {
        "company": "Sell.Do (Beyondwalls)",
        "pointer": "7",
        "branch": "All (UG)",
        "CE": 1,
        "ENTC": 0,
        "IT": 1,
        "male": 1,
        "female": 1,
        "total": 2,
        "salary": 6,
        "date": 1673568000000,
        "investment": 12
    },
    {
        "company": "Emerson",
        "pointer": "6.75",
        "branch": "All (UG)",
        "CE": 2,
        "ENTC": 0,
        "IT": 1,
        "male": 3,
        "female": 0,
        "total": 3,
        "salary": 8,
        "date": 1674086400000,
        "investment": 24
    },
    {
        "company": "Flextrade",
        "pointer": "6.5",
        "branch": "CS & IT (UG)",
        "CE": 1,
        "ENTC": 0,
        "IT": 0,
        "male": 1,
        "female": 0,
        "total": 1,
        "salary": 11,
        "date": 1673913600000,
        "investment": 11
    },
    {
        "company": "Nihilent",
        "pointer": "6",
        "branch": "All (UG)",
        "CE": 0,
        "ENTC": 3,
        "IT": 0,
        "male": 2,
        "female": 1,
        "total": 3,
        "salary": 8,
        "date": 1675036800000,
        "investment": 24
    },
    {
        "company": "Cutshort",
        "pointer": "7",
        "branch": "All (UG)",
        "CE": 0,
        "ENTC": 1,
        "IT": 0,
        "male": 1,
        "female": 0,
        "total": 1,
        "salary": 7,
        "date": 1674518400000,
        "investment": 7
    },
    {
        "company": "Veras Retail",
        "pointer": "6.5",
        "branch": "All (UG)",
        "CE": 1,
        "ENTC": 1,
        "IT": 0,
        "male": 1,
        "female": 1,
        "total": 2,
        "salary": 7,
        "date": 1674172800000,
        "investment": 14
    },
    {
        "company": "Bloomberg",
        "pointer": "8.5",
        "branch": "CS & IT (UG)",
        "CE": 3,
        "ENTC": 0,
        "IT": 0,
        "male": 3,
        "female": 0,
        "total": 3,
        "salary": 35,
        "date": 1674777600000,
        "investment": 105
    },
    {
        "company": "Facctum IT Solutions",
        "pointer": "6.5",
        "branch": "All (UG)",
        "CE": 0,
        "ENTC": 1,
        "IT": 1,
        "male": 2,
        "female": 0,
        "total": 2,
        "salary": 6,
        "date": 1688256000000,
        "investment": 12
    },
    {
        "company": "Zinrelo",
        "pointer": "7",
        "branch": "CS & IT (UG)",
        "CE": 3,
        "ENTC": 0,
        "IT": 1,
        "male": 2,
        "female": 2,
        "total": 4,
        "salary": 8,
        "date": 1676937600000,
        "investment": 32
    },
    {
        "company": "e-Emphasys",
        "pointer": "6.82",
        "branch": "All (UG)",
        "CE": 1,
        "ENTC": 0,
        "IT": 0,
        "male": 1,
        "female": 0,
        "total": 1,
        "salary": 8,
        "date": 1675382400000,
        "investment": 8
    },
    {
        "company": "ETraveli",
        "pointer": "6.5",
        "branch": "CS & IT (UG)",
        "CE": 0,
        "ENTC": 0,
        "IT": 2,
        "male": 2,
        "female": 0,
        "total": 2,
        "salary": 8.5,
        "date": 1685750400000,
        "investment": 17
    },
    {
        "company": "Metro GSC",
        "pointer": "6.5",
        "branch": "All (UG)",
        "CE": 0,
        "ENTC": 2,
        "IT": 0,
        "male": 1,
        "female": 1,
        "total": 2,
        "salary": 8,
        "date": 1676851200000,
        "investment": 16
    },
    {
        "company": "Suzlon",
        "pointer": "6.5",
        "branch": "All (UG)",
        "CE": 0,
        "ENTC": 1,
        "IT": 0,
        "male": 1,
        "female": 0,
        "total": 1,
        "salary": 7.2,
        "date": 1676937600000,
        "investment": 7.2
    },
    {
        "company": "64 Squares",
        "pointer": "6.5",
        "branch": "All (UG)",
        "CE": 3,
        "ENTC": 0,
        "IT": 0,
        "male": 3,
        "female": 0,
        "total": 3,
        "salary": 9.6,
        "date": 1678665600000,
        "investment": 28.8
    },
    {
        "company": "Cadence",
        "pointer": "7",
        "branch": "E&TC (UG)",
        "CE": 0,
        "ENTC": 1,
        "IT": 0,
        "male": 1,
        "female": 0,
        "total": 1,
        "salary": 15,
        "date": 1683072000000,
        "investment": 15
    },
    {
        "company": "Avegen",
        "pointer": "6.81",
        "branch": "All (UG)",
        "CE": 2,
        "ENTC": 0,
        "IT": 1,
        "male": 3,
        "female": 0,
        "total": 3,
        "salary": 6,
        "date": 1684022400000,
        "investment": 18
    },
    {
        "company": "Altometa",
        "pointer": "6.5",
        "branch": "All (UG)",
        "CE": 1,
        "ENTC": 1,
        "IT": 0,
        "male": 2,
        "female": 0,
        "total": 2,
        "salary": 15,
        "date": 1677283200000,
        "investment": 30
    },
    {
        "company": "TCS Digital",
        "pointer": "6.5",
        "branch": "All (UG)",
        "CE": 1,
        "ENTC": 0,
        "IT": 0,
        "male": 1,
        "female": 0,
        "total": 1,
        "salary": 7,
        "date": 1671753600000,
        "investment": 7
    },
    {
        "company": "Cognizant",
        "pointer": "NC",
        "branch": "All (UG)",
        "CE": 0,
        "ENTC": 1,
        "IT": 0,
        "male": 1,
        "female": 0,
        "total": 1,
        "salary": 4,
        "date": 1662854400000,
        "investment": 4
    },
    {
        "company": "Agiliad Technologies",
        "pointer": "NC",
        "branch": "All (UG)",
        "CE": 0,
        "ENTC": 2,
        "IT": 1,
        "male": 0,
        "female": 3,
        "total": 3,
        "salary": 5.5,
        "date": 1685318400000,
        "investment": 16.5
    },
    {
        "company": "Vertiv",
        "pointer": "NC",
        "branch": "All (UG)",
        "CE": 2,
        "ENTC": 2,
        "IT": 2,
        "male": 5,
        "female": 1,
        "total": 6,
        "salary": 4.5,
        "date": 1685923200000,
        "investment": 27
    },
    {
        "company": "LTI Spark",
        "pointer": "NC",
        "branch": "All (UG)",
        "CE": 0,
        "ENTC": 1,
        "IT": 0,
        "male": 1,
        "female": 0,
        "total": 1,
        "salary": 4,
        "date": 1664496000000,
        "investment": 4
    }
]