[
    {
        "company": "UPTIQ",
        "pointer": "6.82",
        "branch": "All (UG)",
        "CE": 1,
        "ENTC": 0,
        "IT": 2,
        "male": 3,
        "female": 0,
        "total": 3,
        "salary": 22,
        "date": null,
        "investment": 66
    },
    {
        "company": "BBD",
        "pointer": "6.82",
        "branch": "All (UG)",
        "CE": 1,
        "ENTC": 0,
        "IT": 2,
        "male": 2,
        "female": 1,
        "total": 3,
        "salary": 7.58,
        "date": null,
        "investment": 22.74
    },
    {
        "company": "Ordway Labs",
        "pointer": "6.82",
        "branch": "All (UG)",
        "CE": 2,
        "ENTC": 3,
        "IT": 4,
        "male": 6,
        "female": 3,
        "total": 9,
        "salary": 8,
        "date": null,
        "investment": 72
    },
    {
        "company": "Ayaan Autonomous",
        "pointer": "6.82",
        "branch": "All (UG)",
        "CE": 2,
        "ENTC": 0,
        "IT": 2,
        "male": 2,
        "female": 2,
        "total": 4,
        "salary": 6.35,
        "date": null,
        "investment": 25.4
    },
    {
        "company": "Flo Group",
        "pointer": "NC",
        "branch": "All (UG)",
        "CE": 0,
        "ENTC": 2,
        "IT": 1,
        "male": 2,
        "female": 1,
        "total": 3,
        "salary": 4,
        "date": null,
        "investment": 12
    },
    {
        "company": "Yardi",
        "pointer": "6.82",
        "branch": "All (UG)",
        "CE": 1,
        "ENTC": 4,
        "IT": 1,
        "male": 5,
        "female": 1,
        "total": 6,
        "salary": 5.5,
        "date": null,
        "investment": 33
    }
]