[
    {
        "company": "Siemens",
        "branch": "All (UG)",
        "CE": 1,
        "ENTC": 8,
        "IT": 2,
        "male": 8,
        "female": 3,
        "total": 11,
        "salary": 11,
        "investment": 121
    },
    {
        "company": "Ittiam Systems",
        "branch": "All (UG)",
        "CE": 3,
        "ENTC": 1,
        "IT": 1,
        "male": 4,
        "female": 1,
        "total": 5,
        "salary": 16,
        "investment": 80
    },
    {
        "company": "UBS",
        "branch": "All (UG)",
        "CE": 5,
        "ENTC": 4,
        "IT": 6,
        "male": 13,
        "female": 2,
        "total": 15,
        "salary": 12.5,
        "investment": 187.5
    },
    {
        "company": "Deutsche Bank",
        "branch": "All (UG)",
        "CE": 2,
        "ENTC": 0,
        "IT": 1,
        "male": 1,
        "female": 2,
        "total": 3,
        "salary": 19.63,
        "investment": 58.89
    },
    {
        "company": "ZS Associates",
        "branch": "All (UG)",
        "CE": 1,
        "ENTC": 3,
        "IT": 1,
        "male": 3,
        "female": 2,
        "total": 5,
        "salary": 12.58,
        "investment": 62.9
    },
    {
        "company": "BMC Software",
        "branch": "All (UG)",
        "CE": 4,
        "ENTC": 0,
        "IT": 4,
        "male": 8,
        "female": 0,
        "total": 8,
        "salary": 14,
        "investment": 112
    },
    {
        "company": "Tracelink",
        "branch": "All (UG)",
        "CE": 4,
        "ENTC": 0,
        "IT": 0,
        "male": 3,
        "female": 1,
        "total": 4,
        "salary": 12.75,
        "investment": 51
    },
    {
        "company": "Goldman Sachs",
        "branch": "All (UG)",
        "CE": 1,
        "ENTC": 0,
        "IT": 1,
        "male": 1,
        "female": 1,
        "total": 2,
        "salary": 24,
        "investment": 48
    },
    {
        "company": "Adobe",
        "branch": "All (UG)",
        "CE": 1,
        "ENTC": 0,
        "IT": 2,
        "male": 0,
        "female": 3,
        "total": 3,
        "salary": 47.27,
        "investment": 141.81
    },
    {
        "company": "Barclays",
        "branch": "All (UG)",
        "CE": 4,
        "ENTC": 0,
        "IT": 10,
        "male": 5,
        "female": 9,
        "total": 14,
        "salary": 13.32,
        "investment": 186.48
    },
    {
        "company": "Credit Suisse",
        "branch": "All (UG)",
        "CE": 6,
        "ENTC": 0,
        "IT": 2,
        "male": 7,
        "female": 1,
        "total": 8,
        "salary": 18,
        "investment": 144
    },
    {
        "company": "Schlumberger",
        "branch": "All (UG)",
        "CE": 0,
        "ENTC": 2,
        "IT": 1,
        "male": 0,
        "female": 3,
        "total": 3,
        "salary": 9.58,
        "investment": 28.74
    },
    {
        "company": "Persistant",
        "branch": "CS & IT (UG)",
        "CE": 0,
        "ENTC": 0,
        "IT": 1,
        "male": 1,
        "female": 0,
        "total": 1,
        "salary": 9,
        "investment": 9
    },
    {
        "company": "Persistant",
        "branch": "All (UG)",
        "CE": 1,
        "ENTC": 0,
        "IT": 0,
        "male": 1,
        "female": 0,
        "total": 1,
        "salary": 7.8,
        "investment": 7.8
    }
]