[
    {
        "company": "TCS Digital",
        "pointer": "7.95",
        "branch": "All (UG)",
        "CE": 1,
        "ENTC": 5,
        "IT": 1,
        "male": 4,
        "female": 3,
        "total": 7,
        "salary": 7.01,
        "date": 1626998400000,
        "investment": 49.07
    },
    {
        "company": "PhonePe",
        "pointer": "7.5",
        "branch": "All (UG)",
        "CE": 3,
        "ENTC": 0,
        "IT": 0,
        "male": 3,
        "female": 0,
        "total": 3,
        "salary": 30.5,
        "date": 1627430400000,
        "investment": 91.5
    },
    {
        "company": "Deutsche Bank",
        "pointer": "7.95",
        "branch": "All (UG)",
        "CE": 6,
        "ENTC": 0,
        "IT": 1,
        "male": 6,
        "female": 1,
        "total": 7,
        "salary": 19.63,
        "date": 1627516800000,
        "investment": 137.41
    },
    {
        "company": "Trilogy Innovations",
        "pointer": "NC",
        "branch": "All (UG)",
        "CE": 0,
        "ENTC": 0,
        "IT": 1,
        "male": 1,
        "female": 0,
        "total": 1,
        "salary": 36.5,
        "date": 1627516800000,
        "investment": 36.5
    },
    {
        "company": "Espressif Systems",
        "pointer": "8",
        "branch": "All (UG)",
        "CE": 5,
        "ENTC": 1,
        "IT": 0,
        "male": 6,
        "female": 0,
        "total": 6,
        "salary": 18.9,
        "date": 1627689600000,
        "investment": 113.4
    },
    {
        "company": "Bajaj Finance",
        "pointer": "NC",
        "branch": "All (UG)",
        "CE": 40,
        "ENTC": 20,
        "IT": 23,
        "male": 68,
        "female": 15,
        "total": 83,
        "salary": 12,
        "date": 1610064000000,
        "investment": 996
    },
    {
        "company": "Sandvine",
        "pointer": "7.5",
        "branch": "All (UG)",
        "CE": 1,
        "ENTC": 0,
        "IT": 0,
        "male": 1,
        "female": 0,
        "total": 1,
        "salary": 15.25,
        "date": 1615161600000,
        "investment": 15.25
    },
    {
        "company": "RBL Bank",
        "pointer": "NC",
        "branch": "All (UG)",
        "CE": 1,
        "ENTC": 4,
        "IT": 3,
        "male": 2,
        "female": 6,
        "total": 8,
        "salary": 9,
        "date": 1648771200000,
        "investment": 72
    },
    {
        "company": "ZS Associates",
        "pointer": "6.5",
        "branch": "All (UG)",
        "CE": 4,
        "ENTC": 6,
        "IT": 7,
        "male": 7,
        "female": 10,
        "total": 17,
        "salary": 12.5,
        "date": 1633651200000,
        "investment": 212.5
    },
    {
        "company": "Avaya",
        "pointer": "7.5",
        "branch": "All (UG)",
        "CE": 6,
        "ENTC": 0,
        "IT": 6,
        "male": 10,
        "female": 2,
        "total": 12,
        "salary": 12.07,
        "date": 1620432000000,
        "investment": 144.84
    },
    {
        "company": "FinIQ",
        "pointer": "NC",
        "branch": "CS & IT (UG)",
        "CE": 2,
        "ENTC": 0,
        "IT": 2,
        "male": 2,
        "female": 2,
        "total": 4,
        "salary": 16.3,
        "date": 1623110400000,
        "investment": 65.2
    },
    {
        "company": "Siemens",
        "pointer": "7.5",
        "branch": "CS & IT (UG)",
        "CE": 6,
        "ENTC": 3,
        "IT": 7,
        "male": 8,
        "female": 8,
        "total": 16,
        "salary": 11,
        "date": 1631059200000,
        "investment": 176
    },
    {
        "company": "UBS",
        "pointer": "7",
        "branch": "All (UG)",
        "CE": 6,
        "ENTC": 0,
        "IT": 6,
        "male": 10,
        "female": 4,
        "total": 14,
        "salary": 10,
        "date": 1631059200000,
        "investment": 140
    },
    {
        "company": "Arista Networks",
        "pointer": "8",
        "branch": "All (UG)",
        "CE": 3,
        "ENTC": 0,
        "IT": 1,
        "male": 4,
        "female": 0,
        "total": 4,
        "salary": 21.5,
        "date": 1633737600000,
        "investment": 86
    },
    {
        "company": "BMC Software",
        "pointer": "6.82",
        "branch": "All (UG)",
        "CE": 3,
        "ENTC": 0,
        "IT": 2,
        "male": 5,
        "female": 0,
        "total": 5,
        "salary": 12.5,
        "date": 1628899200000,
        "investment": 62.5
    },
    {
        "company": "Persistent",
        "pointer": "6.82",
        "branch": "CS & IT (UG)",
        "CE": 0,
        "ENTC": 0,
        "IT": 0,
        "male": 0,
        "female": 0,
        "total": 0,
        "salary": 12.41,
        "date": 1629763200000,
        "investment": 0
    },
    {
        "company": "Persistent",
        "pointer": "6.82",
        "branch": "All (UG)",
        "CE": 3,
        "ENTC": 0,
        "IT": 3,
        "male": 5,
        "female": 1,
        "total": 6,
        "salary": 9,
        "date": 1629763200000,
        "investment": 54
    },
    {
        "company": "Persistent",
        "pointer": "6.82",
        "branch": "All (UG)",
        "CE": 11,
        "ENTC": 3,
        "IT": 16,
        "male": 17,
        "female": 13,
        "total": 30,
        "salary": 7.5,
        "date": 1629763200000,
        "investment": 225
    },
    {
        "company": "Mastercard",
        "pointer": "7.5",
        "branch": "All (UG)",
        "CE": 2,
        "ENTC": 3,
        "IT": 6,
        "male": 6,
        "female": 5,
        "total": 11,
        "salary": 9.69,
        "date": 1628899200000,
        "investment": 106.59
    },
    {
        "company": "Platform 9",
        "pointer": "6.82",
        "branch": "All (UG)",
        "CE": 2,
        "ENTC": 0,
        "IT": 1,
        "male": 2,
        "female": 1,
        "total": 3,
        "salary": 14,
        "date": 1628985600000,
        "investment": 42
    },
    {
        "company": "EQ Technologic",
        "pointer": "6.82",
        "branch": "All (UG)",
        "CE": 6,
        "ENTC": 1,
        "IT": 4,
        "male": 9,
        "female": 2,
        "total": 11,
        "salary": 11.89,
        "date": 1629331200000,
        "investment": 130.79
    },
    {
        "company": "EQ Technologic",
        "pointer": "6.82",
        "branch": "E&TC (UG)",
        "CE": 0,
        "ENTC": 5,
        "IT": 0,
        "male": 4,
        "female": 1,
        "total": 5,
        "salary": 10.22,
        "date": 1629331200000,
        "investment": 51.1
    },
    {
        "company": "Tavisca Solutions",
        "pointer": "7.38",
        "branch": "CS & IT (UG)",
        "CE": 4,
        "ENTC": 0,
        "IT": 2,
        "male": 5,
        "female": 1,
        "total": 6,
        "salary": 14,
        "date": 1629072000000,
        "investment": 84
    },
    {
        "company": "Pubmatic",
        "pointer": "7.38",
        "branch": "CS & IT (UG)",
        "CE": 1,
        "ENTC": 0,
        "IT": 0,
        "male": 1,
        "female": 0,
        "total": 1,
        "salary": 11.62,
        "date": 1629849600000,
        "investment": 11.62
    },
    {
        "company": "Veritas",
        "pointer": "6.82",
        "branch": "CS & IT (UG)",
        "CE": 2,
        "ENTC": 0,
        "IT": 0,
        "male": 2,
        "female": 0,
        "total": 2,
        "salary": 11.75,
        "date": 1630022400000,
        "investment": 23.5
    },
    {
        "company": "NICE Systems",
        "pointer": "6.5",
        "branch": "All (UG)",
        "CE": 4,
        "ENTC": 9,
        "IT": 7,
        "male": 13,
        "female": 7,
        "total": 20,
        "salary": 7.5,
        "date": 1630281600000,
        "investment": 150
    },
    {
        "company": "Barclays",
        "pointer": "6.82",
        "branch": "CS & IT (UG)",
        "CE": 17,
        "ENTC": 0,
        "IT": 15,
        "male": 23,
        "female": 9,
        "total": 32,
        "salary": 12.73,
        "date": 1629936000000,
        "investment": 407.36
    },
    {
        "company": "Toshiba",
        "pointer": "7.95",
        "branch": "CS & IT (UG)",
        "CE": 0,
        "ENTC": 0,
        "IT": 3,
        "male": 2,
        "female": 1,
        "total": 3,
        "salary": 9,
        "date": 1610150400000,
        "investment": 27
    },
    {
        "company": "ION",
        "pointer": "6.82",
        "branch": "All (UG)",
        "CE": 6,
        "ENTC": 2,
        "IT": 2,
        "male": 7,
        "female": 3,
        "total": 10,
        "salary": 14.1,
        "date": 1610150400000,
        "investment": 141
    },
    {
        "company": "Aspect Ratio",
        "pointer": "NC",
        "branch": "All (UG)",
        "CE": 1,
        "ENTC": 1,
        "IT": 0,
        "male": 2,
        "female": 0,
        "total": 2,
        "salary": 10,
        "date": 1612828800000,
        "investment": 20
    },
    {
        "company": "Paytm Money",
        "pointer": "7.95",
        "branch": "CS & IT (UG)",
        "CE": 9,
        "ENTC": 0,
        "IT": 2,
        "male": 10,
        "female": 1,
        "total": 11,
        "salary": 16,
        "date": 1630195200000,
        "investment": 176
    },
    {
        "company": "Acquia",
        "pointer": "6.82",
        "branch": "CS & IT (UG)",
        "CE": 2,
        "ENTC": 0,
        "IT": 3,
        "male": 1,
        "female": 4,
        "total": 5,
        "salary": 8,
        "date": 1628467200000,
        "investment": 40
    },
    {
        "company": "Druva",
        "pointer": "7",
        "branch": "CS & IT (UG)",
        "CE": 5,
        "ENTC": 0,
        "IT": 5,
        "male": 8,
        "female": 2,
        "total": 10,
        "salary": 15,
        "date": 1631664000000,
        "investment": 150
    },
    {
        "company": "Elastic Run",
        "pointer": "8",
        "branch": "CS & IT (UG)",
        "CE": 1,
        "ENTC": 0,
        "IT": 1,
        "male": 1,
        "female": 1,
        "total": 2,
        "salary": 8,
        "date": 1631923200000,
        "investment": 16
    },
    {
        "company": "OFSS",
        "pointer": "7",
        "branch": "All (UG)",
        "CE": 3,
        "ENTC": 10,
        "IT": 1,
        "male": 11,
        "female": 3,
        "total": 14,
        "salary": 6.56,
        "date": 1631491200000,
        "investment": 91.84
    },
    {
        "company": "LTI",
        "pointer": "6.82",
        "branch": "All (UG)",
        "CE": 0,
        "ENTC": 2,
        "IT": 0,
        "male": 2,
        "female": 0,
        "total": 2,
        "salary": 5,
        "date": 1636416000000,
        "investment": 10
    },
    {
        "company": "LTI",
        "pointer": "6.82",
        "branch": "All (UG)",
        "CE": 0,
        "ENTC": 2,
        "IT": 0,
        "male": 0,
        "female": 2,
        "total": 2,
        "salary": 6.5,
        "date": 1636416000000,
        "investment": 13
    },
    {
        "company": "LTI",
        "pointer": "6.82",
        "branch": "All (UG)",
        "CE": 0,
        "ENTC": 1,
        "IT": 0,
        "male": 1,
        "female": 0,
        "total": 1,
        "salary": 8,
        "date": 1636416000000,
        "investment": 8
    },
    {
        "company": "Infogen Labs",
        "pointer": "6",
        "branch": "CS & IT (UG)",
        "CE": 6,
        "ENTC": 0,
        "IT": 5,
        "male": 7,
        "female": 4,
        "total": 11,
        "salary": 8,
        "date": 1628467200000,
        "investment": 88
    },
    {
        "company": "Interactive Brokers",
        "pointer": "7.4",
        "branch": "All (UG)",
        "CE": 1,
        "ENTC": 0,
        "IT": 0,
        "male": 1,
        "female": 0,
        "total": 1,
        "salary": 9.35,
        "date": 1629417600000,
        "investment": 9.35
    },
    {
        "company": "Sell.do",
        "pointer": "8",
        "branch": "CS & IT (UG)",
        "CE": 3,
        "ENTC": 0,
        "IT": 2,
        "male": 4,
        "female": 1,
        "total": 5,
        "salary": 13.26,
        "date": 1631750400000,
        "investment": 66.3
    },
    {
        "company": "Sell.do",
        "pointer": "8",
        "branch": "CS & IT (UG)",
        "CE": 0,
        "ENTC": 0,
        "IT": 1,
        "male": 0,
        "female": 1,
        "total": 1,
        "salary": 7.8,
        "date": 1631750400000,
        "investment": 7.8
    },
    {
        "company": "Ubisoft",
        "pointer": "NC",
        "branch": "All (UG)",
        "CE": 0,
        "ENTC": 3,
        "IT": 0,
        "male": 1,
        "female": 2,
        "total": 3,
        "salary": 7.5,
        "date": 1631750400000,
        "investment": 22.5
    },
    {
        "company": "Amdocs",
        "pointer": "6.82",
        "branch": "All (UG)",
        "CE": 2,
        "ENTC": 24,
        "IT": 3,
        "male": 15,
        "female": 14,
        "total": 29,
        "salary": 6,
        "date": 1632441600000,
        "investment": 174
    },
    {
        "company": "Deloitte",
        "pointer": "6.5",
        "branch": "All (UG)",
        "CE": 3,
        "ENTC": 2,
        "IT": 2,
        "male": 4,
        "female": 3,
        "total": 7,
        "salary": 7.6,
        "date": 1632787200000,
        "investment": 53.2
    },
    {
        "company": "IDeaS",
        "pointer": "8",
        "branch": "CS & IT (UG)",
        "CE": 5,
        "ENTC": 0,
        "IT": 0,
        "male": 4,
        "female": 1,
        "total": 5,
        "salary": 10.17,
        "date": 1618012800000,
        "investment": 50.85
    },
    {
        "company": "Ittiam",
        "pointer": "7.5",
        "branch": "All (UG)",
        "CE": 0,
        "ENTC": 2,
        "IT": 1,
        "male": 2,
        "female": 1,
        "total": 3,
        "salary": 10.4,
        "date": 1620604800000,
        "investment": 31.2
    },
    {
        "company": "RIA Advisory",
        "pointer": "7.5",
        "branch": "All (UG)",
        "CE": 0,
        "ENTC": 4,
        "IT": 1,
        "male": 2,
        "female": 3,
        "total": 5,
        "salary": 5.5,
        "date": 1623283200000,
        "investment": 27.5
    },
    {
        "company": "Accenture",
        "pointer": "NC",
        "branch": "All (UG)",
        "CE": 2,
        "ENTC": 1,
        "IT": 0,
        "male": 3,
        "female": 0,
        "total": 3,
        "salary": 6.5,
        "date": 1632096000000,
        "investment": 19.5
    },
    {
        "company": "Zensar",
        "pointer": "6.82",
        "branch": "All (UG)",
        "CE": 2,
        "ENTC": 10,
        "IT": 1,
        "male": 9,
        "female": 4,
        "total": 13,
        "salary": 7,
        "date": 1634342400000,
        "investment": 91
    },
    {
        "company": "Publicis Sapient",
        "pointer": "6.5",
        "branch": "All (UG)",
        "CE": 0,
        "ENTC": 8,
        "IT": 0,
        "male": 4,
        "female": 4,
        "total": 8,
        "salary": 6.5,
        "date": 1615334400000,
        "investment": 52
    },
    {
        "company": "Mindstix",
        "pointer": "NC",
        "branch": "All (UG)",
        "CE": 0,
        "ENTC": 1,
        "IT": 0,
        "male": 1,
        "female": 0,
        "total": 1,
        "salary": 5.3,
        "date": 1634515200000,
        "investment": 5.3
    },
    {
        "company": "Celebal Technologies",
        "pointer": "6.82",
        "branch": "All (UG)",
        "CE": 0,
        "ENTC": 2,
        "IT": 0,
        "male": 2,
        "female": 0,
        "total": 2,
        "salary": 5,
        "date": 1634169600000,
        "investment": 10
    },
    {
        "company": "Celebal Technologies",
        "pointer": "6.82",
        "branch": "All (UG)",
        "CE": 1,
        "ENTC": 0,
        "IT": 0,
        "male": 1,
        "female": 0,
        "total": 1,
        "salary": 8,
        "date": 1634169600000,
        "investment": 8
    },
    {
        "company": "Sophos Technologies",
        "pointer": "6.82",
        "branch": "All (UG)",
        "CE": 0,
        "ENTC": 1,
        "IT": 0,
        "male": 1,
        "female": 0,
        "total": 1,
        "salary": 7.87,
        "date": 1628553600000,
        "investment": 7.87
    },
    {
        "company": "Fiserv",
        "pointer": "6.82",
        "branch": "All (UG)",
        "CE": 2,
        "ENTC": 0,
        "IT": 3,
        "male": 2,
        "female": 3,
        "total": 5,
        "salary": 8.85,
        "date": 1625875200000,
        "investment": 44.25
    },
    {
        "company": "miniOrange",
        "pointer": "NC",
        "branch": "All (UG)",
        "CE": 2,
        "ENTC": 7,
        "IT": 1,
        "male": 8,
        "female": 2,
        "total": 10,
        "salary": 8,
        "date": 1635292800000,
        "investment": 80
    },
    {
        "company": "miniOrange",
        "pointer": "NC",
        "branch": "All (UG)",
        "CE": 1,
        "ENTC": 6,
        "IT": 1,
        "male": 6,
        "female": 2,
        "total": 8,
        "salary": 9,
        "date": 1635292800000,
        "investment": 72
    },
    {
        "company": "miniOrange",
        "pointer": "NC",
        "branch": "All (UG)",
        "CE": 0,
        "ENTC": 3,
        "IT": 1,
        "male": 4,
        "female": 0,
        "total": 4,
        "salary": 10,
        "date": 1635292800000,
        "investment": 40
    },
    {
        "company": "miniorange",
        "pointer": "NC",
        "branch": "All (UG)",
        "CE": 1,
        "ENTC": 0,
        "IT": 0,
        "male": 0,
        "female": 1,
        "total": 1,
        "salary": 11,
        "date": 1635292800000,
        "investment": 11
    },
    {
        "company": "miniOrange",
        "pointer": "NC",
        "branch": "All (UG)",
        "CE": 0,
        "ENTC": 1,
        "IT": 1,
        "male": 1,
        "female": 1,
        "total": 2,
        "salary": 12,
        "date": 1635292800000,
        "investment": 24
    },
    {
        "company": "FlexTrade",
        "pointer": "NC",
        "branch": "All (UG)",
        "CE": 0,
        "ENTC": 0,
        "IT": 1,
        "male": 1,
        "female": 0,
        "total": 1,
        "salary": 11,
        "date": 1635465600000,
        "investment": 11
    },
    {
        "company": "HashedIn",
        "pointer": "6",
        "branch": "All (UG)",
        "CE": 0,
        "ENTC": 4,
        "IT": 0,
        "male": 4,
        "female": 0,
        "total": 4,
        "salary": 8,
        "date": 1635120000000,
        "investment": 32
    },
    {
        "company": "HSBC",
        "pointer": "6",
        "branch": "All (UG)",
        "CE": 0,
        "ENTC": 14,
        "IT": 0,
        "male": 7,
        "female": 7,
        "total": 14,
        "salary": 9,
        "date": 1635552000000,
        "investment": 126
    },
    {
        "company": "Tracelink",
        "pointer": "7.5",
        "branch": "All (UG)",
        "CE": 0,
        "ENTC": 3,
        "IT": 2,
        "male": 5,
        "female": 0,
        "total": 5,
        "salary": 11.5,
        "date": 1636761600000,
        "investment": 57.5
    },
    {
        "company": "HDFC Bank",
        "pointer": "5.68",
        "branch": "All (UG)",
        "CE": 7,
        "ENTC": 13,
        "IT": 4,
        "male": 16,
        "female": 8,
        "total": 24,
        "salary": 9.5,
        "date": 1637193600000,
        "investment": 228
    },
    {
        "company": "MetaMorphoSys",
        "pointer": "6.82",
        "branch": "All (UG)",
        "CE": 0,
        "ENTC": 0,
        "IT": 1,
        "male": 1,
        "female": 0,
        "total": 1,
        "salary": 6.5,
        "date": 1637107200000,
        "investment": 6.5
    },
    {
        "company": "Helpshift",
        "pointer": "6",
        "branch": "All (UG)",
        "CE": 0,
        "ENTC": 2,
        "IT": 0,
        "male": 1,
        "female": 1,
        "total": 2,
        "salary": 8.5,
        "date": 1638144000000,
        "investment": 17
    },
    {
        "company": "Emerson",
        "pointer": "6.82",
        "branch": "All (UG)",
        "CE": 0,
        "ENTC": 3,
        "IT": 3,
        "male": 4,
        "female": 2,
        "total": 6,
        "salary": 7.19,
        "date": 1628726400000,
        "investment": 43.14
    },
    {
        "company": "Innovaccer",
        "pointer": "NC",
        "branch": "All (UG)",
        "CE": 0,
        "ENTC": 0,
        "IT": 1,
        "male": 1,
        "female": 0,
        "total": 1,
        "salary": 8,
        "date": 1633996800000,
        "investment": 8
    },
    {
        "company": "Berkadia",
        "pointer": "6.82",
        "branch": "CS & IT (UG)",
        "CE": 3,
        "ENTC": 0,
        "IT": 0,
        "male": 2,
        "female": 1,
        "total": 3,
        "salary": 9,
        "date": 1626048000000,
        "investment": 27
    },
    {
        "company": "Turtlemint",
        "pointer": "7",
        "branch": "All (UG)",
        "CE": 2,
        "ENTC": 1,
        "IT": 0,
        "male": 2,
        "female": 1,
        "total": 3,
        "salary": 19,
        "date": 1639699200000,
        "investment": 57
    },
    {
        "company": "Veras Retail",
        "pointer": "6.82",
        "branch": "All (UG)",
        "CE": 0,
        "ENTC": 1,
        "IT": 0,
        "male": 1,
        "female": 0,
        "total": 1,
        "salary": 7,
        "date": 1631318400000,
        "investment": 7
    },
    {
        "company": "Lentra AI",
        "pointer": "6.82",
        "branch": "All (UG)",
        "CE": 1,
        "ENTC": 2,
        "IT": 0,
        "male": 3,
        "female": 0,
        "total": 3,
        "salary": 7.5,
        "date": 1640563200000,
        "investment": 22.5
    },
    {
        "company": "CLSA",
        "pointer": "6.82",
        "branch": "CS & IT (UG)",
        "CE": 0,
        "ENTC": 0,
        "IT": 1,
        "male": 1,
        "female": 0,
        "total": 1,
        "salary": 8,
        "date": 1664582400000,
        "investment": 8
    },
    {
        "company": "Ryussi Technologies",
        "pointer": "7",
        "branch": "CS & IT (UG)",
        "CE": 0,
        "ENTC": 0,
        "IT": 2,
        "male": 2,
        "female": 0,
        "total": 2,
        "salary": 7.5,
        "date": 1643068800000,
        "investment": 15
    },
    {
        "company": "Honeywell",
        "pointer": "6.82",
        "branch": "All (UG)",
        "CE": 1,
        "ENTC": 1,
        "IT": 1,
        "male": 1,
        "female": 2,
        "total": 3,
        "salary": 5.5,
        "date": 1643068800000,
        "investment": 16.5
    },
    {
        "company": "RedPanda",
        "pointer": "6.82",
        "branch": "All (UG)",
        "CE": 0,
        "ENTC": 1,
        "IT": 0,
        "male": 0,
        "female": 1,
        "total": 1,
        "salary": 6,
        "date": 1643328000000,
        "investment": 6
    },
    {
        "company": "Acuitilabs",
        "pointer": "6.82",
        "branch": "All (UG)",
        "CE": 1,
        "ENTC": 0,
        "IT": 0,
        "male": 1,
        "female": 0,
        "total": 1,
        "salary": 8,
        "date": 1643587200000,
        "investment": 8
    },
    {
        "company": "Media.net",
        "pointer": "7.5",
        "branch": "All (UG)",
        "CE": 1,
        "ENTC": 0,
        "IT": 0,
        "male": 1,
        "female": 0,
        "total": 1,
        "salary": 15.77,
        "date": 1646006400000,
        "investment": 15.77
    },
    {
        "company": "Ciena",
        "pointer": "7",
        "branch": "All (UG)",
        "CE": 0,
        "ENTC": 1,
        "IT": 0,
        "male": 1,
        "female": 0,
        "total": 1,
        "salary": 11.38,
        "date": 1641168000000,
        "investment": 11.38
    },
    {
        "company": "PharmEasy",
        "pointer": "6.82",
        "branch": "CS & IT (UG)",
        "CE": 2,
        "ENTC": 0,
        "IT": 0,
        "male": 2,
        "female": 0,
        "total": 2,
        "salary": 20,
        "date": 1647216000000,
        "investment": 40
    },
    {
        "company": "Neal Analytics",
        "pointer": "6.82",
        "branch": "CS & IT (UG)",
        "CE": 2,
        "ENTC": 0,
        "IT": 2,
        "male": 2,
        "female": 2,
        "total": 4,
        "salary": 7,
        "date": 1647907200000,
        "investment": 28
    },
    {
        "company": "64Squares",
        "pointer": "6.82",
        "branch": "All (UG)",
        "CE": 0,
        "ENTC": 1,
        "IT": 0,
        "male": 1,
        "female": 0,
        "total": 1,
        "salary": 7.5,
        "date": 1643932800000,
        "investment": 7.5
    },
    {
        "company": "CION Digital",
        "pointer": "8",
        "branch": "CS & IT (UG)",
        "CE": 2,
        "ENTC": 0,
        "IT": 0,
        "male": 1,
        "female": 1,
        "total": 2,
        "salary": 20.15,
        "date": 1650240000000,
        "investment": 40.3
    },
    {
        "company": "Varian Medical System",
        "pointer": "6.82",
        "branch": "All (UG)",
        "CE": 0,
        "ENTC": 1,
        "IT": 0,
        "male": 0,
        "female": 1,
        "total": 1,
        "salary": 8.5,
        "date": 1651708800000,
        "investment": 8.5
    },
    {
        "company": "Amazon",
        "pointer": "6.5",
        "branch": "All (UG)",
        "CE": 6,
        "ENTC": 1,
        "IT": 4,
        "male": 9,
        "female": 2,
        "total": 11,
        "salary": 44.14,
        "date": 1641513600000,
        "investment": 485.54
    },
    {
        "company": "Amazon",
        "pointer": "6.5",
        "branch": "All (UG)",
        "CE": 0,
        "ENTC": 0,
        "IT": 1,
        "male": 0,
        "female": 1,
        "total": 1,
        "salary": 30.18,
        "date": 1641513600000,
        "investment": 30.18
    },
    {
        "company": "Rocket Software",
        "pointer": "NC",
        "branch": "All (UG)",
        "CE": 1,
        "ENTC": 1,
        "IT": 0,
        "male": 2,
        "female": 0,
        "total": 2,
        "salary": 10.5,
        "date": 1641513600000,
        "investment": 21
    },
    {
        "company": "LogiQuad",
        "pointer": "7.38",
        "branch": "All (UG)",
        "CE": 1,
        "ENTC": 1,
        "IT": 0,
        "male": 2,
        "female": 0,
        "total": 2,
        "salary": 7.5,
        "date": 1654560000000,
        "investment": 15
    },
    {
        "company": "T Systems",
        "pointer": "NC",
        "branch": "All (UG)",
        "CE": 1,
        "ENTC": 0,
        "IT": 1,
        "male": 1,
        "female": 1,
        "total": 2,
        "salary": 7.5,
        "date": 1657152000000,
        "investment": 15
    },
    {
        "company": "Tripstack",
        "pointer": "NC",
        "branch": "All (UG)",
        "CE": 0,
        "ENTC": 1,
        "IT": 0,
        "male": 0,
        "female": 1,
        "total": 1,
        "salary": 5.5,
        "date": 1641427200000,
        "investment": 5.5
    },
    {
        "company": "Finvu",
        "pointer": "NC",
        "branch": "All (UG)",
        "CE": 0,
        "ENTC": 2,
        "IT": 0,
        "male": 2,
        "female": 0,
        "total": 2,
        "salary": 7.5,
        "date": 1651968000000,
        "investment": 15
    },
    {
        "company": "Cumulus",
        "pointer": "NC",
        "branch": "All (UG)",
        "CE": 2,
        "ENTC": 2,
        "IT": 0,
        "male": 2,
        "female": 2,
        "total": 4,
        "salary": 8.53,
        "date": 1659916800000,
        "investment": 34.12
    },
    {
        "company": "Persistent",
        "pointer": "6.82",
        "branch": "E&TC (UG)",
        "CE": 0,
        "ENTC": 4,
        "IT": 0,
        "male": 2,
        "female": 2,
        "total": 4,
        "salary": 4.71,
        "date": 1629763200000,
        "investment": 18.84
    },
    {
        "company": "Cognizant",
        "pointer": "6.82",
        "branch": "All (UG)",
        "CE": 0,
        "ENTC": 3,
        "IT": 0,
        "male": 4,
        "female": 1,
        "total": 5,
        "salary": 4,
        "date": 1617926400000,
        "investment": 20
    },
    {
        "company": "Accenture",
        "pointer": "NC",
        "branch": "All (UG)",
        "CE": 0,
        "ENTC": 6,
        "IT": 1,
        "male": 2,
        "female": 5,
        "total": 7,
        "salary": 4.5,
        "date": 1632096000000,
        "investment": 31.5
    },
    {
        "company": "TCS Ninja",
        "pointer": "6.82",
        "branch": "All (UG)",
        "CE": 0,
        "ENTC": 1,
        "IT": 0,
        "male": 0,
        "female": 1,
        "total": 1,
        "salary": 3.36,
        "date": 1626998400000,
        "investment": 3.36
    },
    {
        "company": "Capgemini",
        "pointer": "NC",
        "branch": "All (UG)",
        "CE": 0,
        "ENTC": 1,
        "IT": 0,
        "male": 1,
        "female": 0,
        "total": 1,
        "salary": 4,
        "date": 1625788800000,
        "investment": 4
    },
    {
        "company": "Atos",
        "pointer": "6.82",
        "branch": "All (UG)",
        "CE": 0,
        "ENTC": 2,
        "IT": 0,
        "male": 0,
        "female": 2,
        "total": 2,
        "salary": 3.1,
        "date": 1637539200000,
        "investment": 6.2
    },
    {
        "company": "i3Systems",
        "pointer": "NC",
        "branch": "All (UG)",
        "CE": 0,
        "ENTC": 1,
        "IT": 1,
        "male": 1,
        "female": 1,
        "total": 2,
        "salary": 4.5,
        "date": 1637971200000,
        "investment": 9
    },
    {
        "company": "Vodafone",
        "pointer": "6.82",
        "branch": "All (UG)",
        "CE": 1,
        "ENTC": 1,
        "IT": 0,
        "male": 1,
        "female": 1,
        "total": 2,
        "salary": 4.25,
        "date": 1610409600000,
        "investment": 8.5
    },
    {
        "company": "Sell.do",
        "pointer": "6.82",
        "branch": "All (UG)",
        "CE": 0,
        "ENTC": 1,
        "IT": 0,
        "male": 1,
        "female": 0,
        "total": 1,
        "salary": 3.85,
        "date": 1662076800000,
        "investment": 3.85
    },
    {
        "company": "Mindtree",
        "pointer": "6.82",
        "branch": "All (UG)",
        "CE": 0,
        "ENTC": 1,
        "IT": 0,
        "male": 1,
        "female": 0,
        "total": 1,
        "salary": 4.5,
        "date": 1644969600000,
        "investment": 4.5
    },
    {
        "company": "Reliance",
        "pointer": "6.82",
        "branch": "All (UG)",
        "CE": 0,
        "ENTC": 0,
        "IT": 0,
        "male": 0,
        "female": 0,
        "total": 0,
        "salary": 4.25,
        "date": 1646870400000,
        "investment": 0
    },
    {
        "company": "ITC Infotech",
        "pointer": "6.82",
        "branch": "All (UG)",
        "CE": 1,
        "ENTC": 2,
        "IT": 0,
        "male": 2,
        "female": 1,
        "total": 3,
        "salary": 4.5,
        "date": 1648512000000,
        "investment": 13.5
    },
    {
        "company": "Productdossier",
        "pointer": "NC",
        "branch": "All (UG)",
        "CE": 0,
        "ENTC": 1,
        "IT": 0,
        "male": 1,
        "female": 0,
        "total": 1,
        "salary": 3,
        "date": 1643414400000,
        "investment": 3
    }
]