[
    {
        "company": "Lowe's India",
        "branch": "All (UG)",
        "CE": 0,
        "ENTC": 1,
        "IT": 0,
        "male": 0,
        "female": 1,
        "total": 1,
        "salary": 19.34,
        "investment": 19.34
    },
    {
        "company": "Deutsche Bank",
        "branch": "All (UG)",
        "CE": 2,
        "ENTC": 0,
        "IT": 1,
        "male": 2,
        "female": 1,
        "total": 3,
        "salary": 19.63,
        "investment": 58.89
    },
    {
        "company": "Credit Suisse",
        "branch": "CS & IT (UG)",
        "CE": 2,
        "ENTC": 0,
        "IT": 3,
        "male": 3,
        "female": 2,
        "total": 5,
        "salary": 13.59,
        "investment": 67.95
    },
    {
        "company": "RBL Bank",
        "branch": "CS & IT (UG)",
        "CE": 1,
        "ENTC": 0,
        "IT": 0,
        "male": 0,
        "female": 1,
        "total": 1,
        "salary": 9,
        "investment": 9
    },
    {
        "company": "ZS Associates",
        "branch": "All (UG)",
        "CE": 0,
        "ENTC": 1,
        "IT": 0,
        "male": 1,
        "female": 0,
        "total": 1,
        "salary": 12.5,
        "investment": 12.5
    },
    {
        "company": "UBS",
        "branch": "All (UG)",
        "CE": 3,
        "ENTC": 0,
        "IT": 0,
        "male": 3,
        "female": 0,
        "total": 3,
        "salary": 10,
        "investment": 30
    },
    {
        "company": "Schlumberger",
        "branch": "All (UG)",
        "CE": 2,
        "ENTC": 2,
        "IT": 1,
        "male": 0,
        "female": 5,
        "total": 5,
        "salary": 9.58,
        "investment": 47.9
    },
    {
        "company": "Arista Networks",
        "branch": "All (UG)",
        "CE": 0,
        "ENTC": 0,
        "IT": 0,
        "male": 0,
        "female": 0,
        "total": 0,
        "salary": 21.5,
        "investment": 0
    },
    {
        "company": "Adobe",
        "branch": "All (UG)",
        "CE": 1,
        "ENTC": 0,
        "IT": 0,
        "male": 0,
        "female": 1,
        "total": 1,
        "salary": 40.92,
        "investment": 40.92
    },
    {
        "company": "Microsoft",
        "branch": "All (UG)",
        "CE": 1,
        "ENTC": 0,
        "IT": 1,
        "male": 0,
        "female": 2,
        "total": 2,
        "salary": 44.7,
        "investment": 89.4
    },
    {
        "company": "Amazon",
        "branch": "All (UG)",
        "CE": 1,
        "ENTC": 0,
        "IT": 0,
        "male": 1,
        "female": 0,
        "total": 1,
        "salary": 112,
        "investment": 112
    }
]