[
    {
        "company": "Jombay",
        "pointer": "NC",
        "branch": "CE & IT (UG)",
        "CE": 1,
        "ENTC": 0,
        "IT": 0,
        "male": 1,
        "female": 0,
        "total": 1,
        "salary": 10,
        "date": 1618963200000,
        "investment": 10
    },
    {
        "company": "PTC Software",
        "pointer": "NC",
        "branch": "All (UG)",
        "CE": 1,
        "ENTC": 1,
        "IT": 1,
        "male": 1,
        "female": 2,
        "total": 3,
        "salary": 6,
        "date": 1619049600000,
        "investment": 18
    },
    {
        "company": "Screen Magic",
        "pointer": "6.82",
        "branch": "CE & IT (UG)",
        "CE": 2,
        "ENTC": 0,
        "IT": 2,
        "male": 1,
        "female": 3,
        "total": 4,
        "salary": 7.3,
        "date": 1619136000000,
        "investment": 29.2
    },
    {
        "company": "3EA",
        "pointer": "6.82",
        "branch": "All (UG)",
        "CE": 0,
        "ENTC": 1,
        "IT": 0,
        "male": 1,
        "female": 0,
        "total": 1,
        "salary": 6,
        "date": 1612483200000,
        "investment": 6
    },
    {
        "company": "EnthrallTech",
        "pointer": "6.82",
        "branch": "All (UG)",
        "CE": 3,
        "ENTC": 0,
        "IT": 0,
        "male": 3,
        "female": 0,
        "total": 3,
        "salary": 7,
        "date": 1614902400000,
        "investment": 21
    },
    {
        "company": "Mindstix Software Labs",
        "pointer": "NC",
        "branch": "All (UG)",
        "CE": 1,
        "ENTC": 0,
        "IT": 1,
        "male": 1,
        "female": 1,
        "total": 2,
        "salary": 6.3,
        "date": 1620172800000,
        "investment": 12.6
    },
    {
        "company": "Mindstix Software Labs",
        "pointer": "NC",
        "branch": "All (UG)",
        "CE": 1,
        "ENTC": 0,
        "IT": 0,
        "male": 1,
        "female": 0,
        "total": 1,
        "salary": 5.5,
        "date": 1620172800000,
        "investment": 5.5
    },
    {
        "company": "Extramarks Education",
        "pointer": "NC",
        "branch": "All (UG)",
        "CE": 0,
        "ENTC": 0,
        "IT": 0,
        "male": 0,
        "female": 0,
        "total": 0,
        "salary": 11.5,
        "date": 1630800000000,
        "investment": 0
    },
    {
        "company": "Growisto",
        "pointer": "NC",
        "branch": "All (UG)",
        "CE": 0,
        "ENTC": 0,
        "IT": 0,
        "male": 0,
        "female": 0,
        "total": 0,
        "salary": 6.5,
        "date": 1633392000000,
        "investment": 0
    },
    {
        "company": "Fabric Inc",
        "pointer": "7.50",
        "branch": "All (UG)",
        "CE": 0,
        "ENTC": 0,
        "IT": 0,
        "male": 0,
        "female": 0,
        "total": 0,
        "salary": 8.5,
        "date": 1620950400000,
        "investment": 0
    },
    {
        "company": "CLSA",
        "pointer": "6.82",
        "branch": "CE & IT (UG)",
        "CE": 0,
        "ENTC": 0,
        "IT": 1,
        "male": 0,
        "female": 1,
        "total": 1,
        "salary": 8,
        "date": 1621296000000,
        "investment": 8
    },
    {
        "company": "TIBCO",
        "pointer": "6.82",
        "branch": "CE & IT (UG)",
        "CE": 1,
        "ENTC": 0,
        "IT": 1,
        "male": 1,
        "female": 1,
        "total": 2,
        "salary": 7,
        "date": 1621296000000,
        "investment": 14
    },
    {
        "company": "Symbl",
        "pointer": "6.82",
        "branch": "All (UG)",
        "CE": 0,
        "ENTC": 1,
        "IT": 0,
        "male": 1,
        "female": 0,
        "total": 1,
        "salary": 12,
        "date": 1621468800000,
        "investment": 12
    },
    {
        "company": "Cloudwerx",
        "pointer": "7.50",
        "branch": "All (UG)",
        "CE": 0,
        "ENTC": 2,
        "IT": 0,
        "male": 1,
        "female": 1,
        "total": 2,
        "salary": 5,
        "date": 1621555200000,
        "investment": 10
    },
    {
        "company": "RIA Advisory",
        "pointer": "7.38",
        "branch": "All (UG)",
        "CE": 3,
        "ENTC": 2,
        "IT": 1,
        "male": 4,
        "female": 2,
        "total": 6,
        "salary": 5.5,
        "date": 1621814400000,
        "investment": 33
    },
    {
        "company": "Ryussi Technologies",
        "pointer": "6.82",
        "branch": "CE & IT (UG)",
        "CE": 1,
        "ENTC": 0,
        "IT": 0,
        "male": 1,
        "female": 0,
        "total": 1,
        "salary": 7.5,
        "date": 1621814400000,
        "investment": 7.5
    },
    {
        "company": "Swasthya AI",
        "pointer": "6.82",
        "branch": "All (UG)",
        "CE": 0,
        "ENTC": 0,
        "IT": 0,
        "male": 0,
        "female": 0,
        "total": 0,
        "salary": 6,
        "date": 1621987200000,
        "investment": 0
    },
    {
        "company": "oneXtel",
        "pointer": "7.00",
        "branch": "CE & IT (UG)",
        "CE": 1,
        "ENTC": 0,
        "IT": 1,
        "male": 1,
        "female": 1,
        "total": 2,
        "salary": 5.5,
        "date": 1622073600000,
        "investment": 11
    },
    {
        "company": "Hexaview Technologies",
        "pointer": "NC",
        "branch": "CE & IT (UG)",
        "CE": 0,
        "ENTC": 0,
        "IT": 0,
        "male": 0,
        "female": 0,
        "total": 0,
        "salary": 9,
        "date": 1630886400000,
        "investment": 0
    },
    {
        "company": "Druva",
        "pointer": "6.82",
        "branch": "CE & IT (UG)",
        "CE": 0,
        "ENTC": 0,
        "IT": 0,
        "male": 0,
        "female": 0,
        "total": 0,
        "salary": 12,
        "date": 1633478400000,
        "investment": 0
    },
    {
        "company": "64squares",
        "pointer": "6.82",
        "branch": "All (UG)",
        "CE": 0,
        "ENTC": 1,
        "IT": 0,
        "male": 0,
        "female": 1,
        "total": 1,
        "salary": 7.5,
        "date": 1623715200000,
        "investment": 7.5
    },
    {
        "company": "Anchanto",
        "pointer": "6.00",
        "branch": "CE & IT (UG)",
        "CE": 0,
        "ENTC": 0,
        "IT": 0,
        "male": 0,
        "female": 0,
        "total": 0,
        "salary": 7.5,
        "date": 1624147200000,
        "investment": 0
    },
    {
        "company": "Moxie",
        "pointer": "7.00",
        "branch": "CE & IT (UG)",
        "CE": 0,
        "ENTC": 0,
        "IT": 0,
        "male": 0,
        "female": 0,
        "total": 0,
        "salary": 9.6,
        "date": 1624233600000,
        "investment": 0
    },
    {
        "company": "Unschool",
        "pointer": "NC",
        "branch": "All (UG)",
        "CE": 0,
        "ENTC": 0,
        "IT": 0,
        "male": 0,
        "female": 0,
        "total": 0,
        "salary": 5,
        "date": 1624492800000,
        "investment": 0
    },
    {
        "company": "PharmEasy",
        "pointer": "6.82",
        "branch": "CE & IT (UG)",
        "CE": 0,
        "ENTC": 0,
        "IT": 0,
        "male": 0,
        "female": 0,
        "total": 0,
        "salary": 11,
        "date": 1615075200000,
        "investment": 0
    },
    {
        "company": "SAS",
        "pointer": "6.82",
        "branch": "CE & IT (UG)",
        "CE": 0,
        "ENTC": 0,
        "IT": 1,
        "male": 1,
        "female": 0,
        "total": 1,
        "salary": 7.38,
        "date": 1628726400000,
        "investment": 7.38
    },
    {
        "company": "Jio",
        "pointer": "6.82",
        "branch": "All (UG)",
        "CE": 1,
        "ENTC": 0,
        "IT": 0,
        "male": 1,
        "female": 0,
        "total": 1,
        "salary": 5,
        "date": 1637884800000,
        "investment": 5
    },
    {
        "company": "PublicisSapient",
        "pointer": "7.82",
        "branch": "All (UG)",
        "CE": 0,
        "ENTC": 3,
        "IT": 0,
        "male": 2,
        "female": 1,
        "total": 3,
        "salary": 6.5,
        "date": 1639958400000,
        "investment": 19.5
    },
    {
        "company": "Capgemini",
        "pointer": "6.82",
        "branch": "All (UG)",
        "CE": 0,
        "ENTC": 6,
        "IT": 0,
        "male": 5,
        "female": 1,
        "total": 6,
        "salary": 3.8,
        "date": 1598659200000,
        "investment": 22.8
    },
    {
        "company": "Persistent",
        "pointer": "6.82",
        "branch": "CE & IT (UG)",
        "CE": 1,
        "ENTC": 0,
        "IT": 3,
        "male": 3,
        "female": 1,
        "total": 4,
        "salary": 4.51,
        "date": 1583712000000,
        "investment": 18.04
    },
    {
        "company": "Persistent",
        "pointer": "6.82",
        "branch": "E&TC (UG)",
        "CE": 0,
        "ENTC": 10,
        "IT": 0,
        "male": 6,
        "female": 4,
        "total": 10,
        "salary": 4.51,
        "date": 1615680000000,
        "investment": 45.1
    },
    {
        "company": "Accenture",
        "pointer": "7.38",
        "branch": "All (UG)",
        "CE": 6,
        "ENTC": 11,
        "IT": 6,
        "male": 10,
        "female": 13,
        "total": 23,
        "salary": 4.5,
        "date": 1600732800000,
        "investment": 103.5
    },
    {
        "company": "TCS Ninja",
        "pointer": "7.95",
        "branch": "All (UG)",
        "CE": 1,
        "ENTC": 5,
        "IT": 1,
        "male": 3,
        "female": 4,
        "total": 7,
        "salary": 3.36,
        "date": 1586476800000,
        "investment": 23.52
    },
    {
        "company": "NTT Data",
        "pointer": "6.82",
        "branch": "CE & IT (UG)",
        "CE": 1,
        "ENTC": 0,
        "IT": 0,
        "male": 0,
        "female": 1,
        "total": 1,
        "salary": 3.5,
        "date": 1602720000000,
        "investment": 3.5
    },
    {
        "company": "Cognizant",
        "pointer": "6.82",
        "branch": "All (UG)",
        "CE": 6,
        "ENTC": 14,
        "IT": 6,
        "male": 19,
        "female": 7,
        "total": 26,
        "salary": 4.01,
        "date": 1602720000000,
        "investment": 104.26
    },
    {
        "company": "Vodafone",
        "pointer": "6.82",
        "branch": "All (UG)",
        "CE": 0,
        "ENTC": 8,
        "IT": 2,
        "male": 6,
        "female": 4,
        "total": 10,
        "salary": 4.25,
        "date": 1605657600000,
        "investment": 42.5
    },
    {
        "company": "Winjit Technologies",
        "pointer": "6.82",
        "branch": "CE & IT (UG)",
        "CE": 0,
        "ENTC": 0,
        "IT": 1,
        "male": 0,
        "female": 1,
        "total": 1,
        "salary": 4.5,
        "date": 1578787200000,
        "investment": 4.5
    },
    {
        "company": "Endurance International",
        "pointer": "6.82",
        "branch": "All (UG)",
        "CE": 0,
        "ENTC": 0,
        "IT": 1,
        "male": 0,
        "female": 1,
        "total": 1,
        "salary": 3.72,
        "date": 1605139200000,
        "investment": 3.72
    },
    {
        "company": "Ernst",
        "pointer": "7.95",
        "branch": "All (UG)",
        "CE": 0,
        "ENTC": 0,
        "IT": 0,
        "male": 0,
        "female": 0,
        "total": 0,
        "salary": 4.37,
        "date": 1630454400000,
        "investment": 0
    },
    {
        "company": "Sell",
        "pointer": "6.82",
        "branch": "All (UG)",
        "CE": 0,
        "ENTC": 0,
        "IT": 0,
        "male": 0,
        "female": 0,
        "total": 0,
        "salary": 4,
        "date": 1610755200000,
        "investment": 0
    },
    {
        "company": "Kylas",
        "pointer": "6.82",
        "branch": "All (UG)",
        "CE": 0,
        "ENTC": 0,
        "IT": 0,
        "male": 0,
        "female": 0,
        "total": 0,
        "salary": 4,
        "date": 1610755200000,
        "investment": 0
    },
    {
        "company": "Centiro",
        "pointer": "7.00",
        "branch": "CE & IT (UG)",
        "CE": 0,
        "ENTC": 0,
        "IT": 0,
        "male": 0,
        "female": 0,
        "total": 0,
        "salary": 3.8,
        "date": 1611100800000,
        "investment": 0
    },
    {
        "company": "Eumentis Cloud",
        "pointer": "6.82",
        "branch": "All (UG)",
        "CE": 0,
        "ENTC": 1,
        "IT": 1,
        "male": 1,
        "female": 1,
        "total": 2,
        "salary": 4.07,
        "date": 1638403200000,
        "investment": 8.14
    },
    {
        "company": "Yardi",
        "pointer": "6.59",
        "branch": "All (UG)",
        "CE": 7,
        "ENTC": 11,
        "IT": 7,
        "male": 10,
        "female": 15,
        "total": 25,
        "salary": 4.5,
        "date": 1613779200000,
        "investment": 112.5
    },
    {
        "company": "Infosys",
        "pointer": "6.82",
        "branch": "All (UG)",
        "CE": 2,
        "ENTC": 2,
        "IT": 0,
        "male": 1,
        "female": 3,
        "total": 4,
        "salary": 3.5,
        "date": 1613865600000,
        "investment": 14
    },
    {
        "company": "Amura",
        "pointer": "6.82",
        "branch": "All (UG)",
        "CE": 0,
        "ENTC": 1,
        "IT": 1,
        "male": 1,
        "female": 1,
        "total": 2,
        "salary": 4.5,
        "date": 1633219200000,
        "investment": 9
    },
    {
        "company": "Sagitec",
        "pointer": "6.82",
        "branch": "CE & IT (UG)",
        "CE": 0,
        "ENTC": 0,
        "IT": 2,
        "male": 1,
        "female": 1,
        "total": 2,
        "salary": 4,
        "date": 1635897600000,
        "investment": 8
    },
    {
        "company": "e-Zest",
        "pointer": "6.59",
        "branch": "All (UG)",
        "CE": 0,
        "ENTC": 0,
        "IT": 1,
        "male": 0,
        "female": 1,
        "total": 1,
        "salary": 3.2,
        "date": 1615852800000,
        "investment": 3.2
    },
    {
        "company": "Agiliad",
        "pointer": "7.38",
        "branch": "All (UG)",
        "CE": 3,
        "ENTC": 7,
        "IT": 2,
        "male": 5,
        "female": 7,
        "total": 12,
        "salary": 4,
        "date": 1615939200000,
        "investment": 48
    },
    {
        "company": "Atos",
        "pointer": "6.82",
        "branch": "All (UG)",
        "CE": 1,
        "ENTC": 3,
        "IT": 2,
        "male": 3,
        "female": 3,
        "total": 6,
        "salary": 3.1,
        "date": 1616198400000,
        "investment": 18.6
    },
    {
        "company": "Rudder Analytics",
        "pointer": "6.25",
        "branch": "All (UG)",
        "CE": 0,
        "ENTC": 0,
        "IT": 0,
        "male": 0,
        "female": 0,
        "total": 0,
        "salary": 4,
        "date": 1625356800000,
        "investment": 0
    },
    {
        "company": "Product Dossier",
        "pointer": "6.82",
        "branch": "CE & IT (UG)",
        "CE": 2,
        "ENTC": 0,
        "IT": 4,
        "male": 3,
        "female": 3,
        "total": 6,
        "salary": 3.5,
        "date": 1625356800000,
        "investment": 21
    },
    {
        "company": "Talentio",
        "pointer": "5.68",
        "branch": "All (UG)",
        "CE": 0,
        "ENTC": 0,
        "IT": 0,
        "male": 0,
        "female": 0,
        "total": 0,
        "salary": 3,
        "date": 1619049600000,
        "investment": 0
    },
    {
        "company": "Flo Group",
        "pointer": "6.82",
        "branch": "All (UG)",
        "CE": 0,
        "ENTC": 4,
        "IT": 0,
        "male": 2,
        "female": 2,
        "total": 4,
        "salary": 3.5,
        "date": 1609804800000,
        "investment": 14
    },
    {
        "company": "HCL Technologies",
        "pointer": "8.52",
        "branch": "All (UG)",
        "CE": 0,
        "ENTC": 0,
        "IT": 0,
        "male": 0,
        "female": 0,
        "total": 0,
        "salary": 3.5,
        "date": 1617580800000,
        "investment": 0
    },
    {
        "company": "IntegriChain Inc",
        "pointer": "6.82",
        "branch": "All (UG)",
        "CE": 0,
        "ENTC": 0,
        "IT": 0,
        "male": 0,
        "female": 0,
        "total": 0,
        "salary": 3,
        "date": 1628121600000,
        "investment": 0
    },
    {
        "company": "Aligned Automation",
        "pointer": "6.82",
        "branch": "All (UG)",
        "CE": 0,
        "ENTC": 2,
        "IT": 0,
        "male": 2,
        "female": 0,
        "total": 2,
        "salary": 3.75,
        "date": 1621382400000,
        "investment": 7.5
    },
    {
        "company": "IGT Solutions",
        "pointer": "7.38",
        "branch": "CE & IT (UG)",
        "CE": 0,
        "ENTC": 0,
        "IT": 0,
        "male": 0,
        "female": 0,
        "total": 0,
        "salary": 4,
        "date": 1621468800000,
        "investment": 0
    },
    {
        "company": "Zocdoc",
        "pointer": "6.82",
        "branch": "All (UG)",
        "CE": 0,
        "ENTC": 1,
        "IT": 0,
        "male": 1,
        "female": 0,
        "total": 1,
        "salary": 4.8,
        "date": 1621987200000,
        "investment": 4.8
    },
    {
        "company": "iQ Digital",
        "pointer": "6.82",
        "branch": "All (UG)",
        "CE": 0,
        "ENTC": 0,
        "IT": 1,
        "male": 0,
        "female": 1,
        "total": 1,
        "salary": 4,
        "date": 1622073600000,
        "investment": 4
    },
    {
        "company": "JISA Softech",
        "pointer": "NC",
        "branch": "All (UG)",
        "CE": 0,
        "ENTC": 1,
        "IT": 0,
        "male": 1,
        "female": 0,
        "total": 1,
        "salary": 4,
        "date": 1617753600000,
        "investment": 4
    }
]