[
    {
        "company": "Trilogy Innovations",
        "pointer": "NC",
        "branch": "All (UG)",
        "CE": 0,
        "ENTC": 0,
        "IT": 0,
        "male": 0,
        "female": 0,
        "total": 0,
        "salary": 31,
        "date": 1595808000000,
        "investment": 0
    },
    {
        "company": "Deutsche Bank",
        "pointer": "7.95",
        "branch": "All (UG)",
        "CE": 10,
        "ENTC": 0,
        "IT": 3,
        "male": 9,
        "female": 4,
        "total": 13,
        "salary": 19.63,
        "date": 1595894400000,
        "investment": 255.19
    },
    {
        "company": "ZS Associates",
        "pointer": "6.50",
        "branch": "All (UG)",
        "CE": 14,
        "ENTC": 6,
        "IT": 4,
        "male": 16,
        "female": 8,
        "total": 24,
        "salary": 8.93,
        "date": 1595980800000,
        "investment": 214.32
    },
    {
        "company": "Rakuten",
        "pointer": "7.50",
        "branch": "All (UG)",
        "CE": 0,
        "ENTC": 0,
        "IT": 0,
        "male": 0,
        "female": 0,
        "total": 0,
        "salary": 36.14,
        "date": 1596153600000,
        "investment": 0
    },
    {
        "company": "Icertis",
        "pointer": "7.38",
        "branch": "CE & IT (UG)",
        "CE": 5,
        "ENTC": 0,
        "IT": 1,
        "male": 2,
        "female": 4,
        "total": 6,
        "salary": 8,
        "date": 1578441600000,
        "investment": 48
    },
    {
        "company": "Espressif Systems",
        "pointer": "NC",
        "branch": "All (UG)",
        "CE": 1,
        "ENTC": 0,
        "IT": 2,
        "male": 1,
        "female": 2,
        "total": 3,
        "salary": 12,
        "date": 1583625600000,
        "investment": 36
    },
    {
        "company": "Avaya",
        "pointer": "7.95",
        "branch": "All (UG)",
        "CE": 4,
        "ENTC": 0,
        "IT": 1,
        "male": 4,
        "female": 1,
        "total": 5,
        "salary": 12.07,
        "date": 1591574400000,
        "investment": 60.35
    },
    {
        "company": "FinIQ",
        "pointer": "NC",
        "branch": "All (UG)",
        "CE": 1,
        "ENTC": 0,
        "IT": 0,
        "male": 1,
        "female": 0,
        "total": 1,
        "salary": 20,
        "date": 1594166400000,
        "investment": 20
    },
    {
        "company": "FinIQ",
        "pointer": "NC",
        "branch": "All (UG)",
        "CE": 4,
        "ENTC": 0,
        "IT": 3,
        "male": 3,
        "female": 4,
        "total": 7,
        "salary": 10,
        "date": 1594166400000,
        "investment": 70
    },
    {
        "company": "Mastercard",
        "pointer": "7.50",
        "branch": "All (UG)",
        "CE": 7,
        "ENTC": 1,
        "IT": 6,
        "male": 4,
        "female": 10,
        "total": 14,
        "salary": 9.69,
        "date": 1597622400000,
        "investment": 135.66
    },
    {
        "company": "ION Group",
        "pointer": "6.82",
        "branch": "All (UG)",
        "CE": 2,
        "ENTC": 1,
        "IT": 2,
        "male": 3,
        "female": 2,
        "total": 5,
        "salary": 12,
        "date": 1597968000000,
        "investment": 60
    },
    {
        "company": "PubMatic",
        "pointer": "7.38",
        "branch": "CE & IT (UG)",
        "CE": 1,
        "ENTC": 0,
        "IT": 0,
        "male": 1,
        "female": 0,
        "total": 1,
        "salary": 9.52,
        "date": 1598227200000,
        "investment": 9.52
    },
    {
        "company": "UBS",
        "pointer": "7.95",
        "branch": "All (UG)",
        "CE": 3,
        "ENTC": 0,
        "IT": 0,
        "male": 2,
        "female": 1,
        "total": 3,
        "salary": 10,
        "date": 1598486400000,
        "investment": 30
    },
    {
        "company": "Veritas Technologies",
        "pointer": "6.82",
        "branch": "CE & IT (UG)",
        "CE": 1,
        "ENTC": 0,
        "IT": 1,
        "male": 1,
        "female": 1,
        "total": 2,
        "salary": 11.34,
        "date": 1598745600000,
        "investment": 22.68
    },
    {
        "company": "Deqode",
        "pointer": "NC",
        "branch": "CE & IT (UG)",
        "CE": 0,
        "ENTC": 0,
        "IT": 2,
        "male": 2,
        "female": 0,
        "total": 2,
        "salary": 6.5,
        "date": 1581206400000,
        "investment": 13
    },
    {
        "company": "Barclays",
        "pointer": "6.82",
        "branch": "CE & IT (UG)",
        "CE": 14,
        "ENTC": 0,
        "IT": 19,
        "male": 18,
        "female": 15,
        "total": 33,
        "salary": 8,
        "date": 1581206400000,
        "investment": 264
    },
    {
        "company": "Persistent",
        "pointer": "6.82",
        "branch": "CE & IT (UG)",
        "CE": 2,
        "ENTC": 0,
        "IT": 2,
        "male": 4,
        "female": 0,
        "total": 4,
        "salary": 6.41,
        "date": 1583712000000,
        "investment": 25.64
    },
    {
        "company": "L & T Infotech",
        "pointer": "6.82",
        "branch": "All (UG)",
        "CE": 0,
        "ENTC": 0,
        "IT": 1,
        "male": 1,
        "female": 0,
        "total": 1,
        "salary": 10,
        "date": 1633392000000,
        "investment": 10
    },
    {
        "company": "L & T Infotech",
        "pointer": "6.82",
        "branch": "All (UG)",
        "CE": 0,
        "ENTC": 2,
        "IT": 1,
        "male": 3,
        "female": 0,
        "total": 3,
        "salary": 8,
        "date": 1633392000000,
        "investment": 24
    },
    {
        "company": "L & T Infotech",
        "pointer": "6.82",
        "branch": "All (UG)",
        "CE": 1,
        "ENTC": 4,
        "IT": 0,
        "male": 5,
        "female": 0,
        "total": 5,
        "salary": 6.5,
        "date": 1596931200000,
        "investment": 32.5
    },
    {
        "company": "L & T Infotech",
        "pointer": "6.82",
        "branch": "All (UG)",
        "CE": 6,
        "ENTC": 14,
        "IT": 2,
        "male": 14,
        "female": 8,
        "total": 22,
        "salary": 5,
        "date": 1596931200000,
        "investment": 110
    },
    {
        "company": "Amdocs",
        "pointer": "6.82",
        "branch": "All (UG)",
        "CE": 6,
        "ENTC": 19,
        "IT": 5,
        "male": 20,
        "female": 10,
        "total": 30,
        "salary": 5,
        "date": 1602201600000,
        "investment": 150
    },
    {
        "company": "IDeaS A SAS",
        "pointer": "8.00",
        "branch": "CE & IT (UG)",
        "CE": 2,
        "ENTC": 0,
        "IT": 0,
        "male": 2,
        "female": 0,
        "total": 2,
        "salary": 9,
        "date": 1600041600000,
        "investment": 18
    },
    {
        "company": "RackWare Technologies",
        "pointer": "8.50",
        "branch": "All (UG)",
        "CE": 6,
        "ENTC": 0,
        "IT": 0,
        "male": 6,
        "female": 0,
        "total": 6,
        "salary": 9,
        "date": 1600300800000,
        "investment": 54
    },
    {
        "company": "Accenture",
        "pointer": "7.38",
        "branch": "All (UG)",
        "CE": 0,
        "ENTC": 2,
        "IT": 0,
        "male": 1,
        "female": 1,
        "total": 2,
        "salary": 6.5,
        "date": 1600732800000,
        "investment": 13
    },
    {
        "company": "Sedemac Mechatronics",
        "pointer": "7.00",
        "branch": "E&TC (UG)",
        "CE": 0,
        "ENTC": 1,
        "IT": 0,
        "male": 1,
        "female": 0,
        "total": 1,
        "salary": 9,
        "date": 1600819200000,
        "investment": 9
    },
    {
        "company": "Avalara Technologies",
        "pointer": "NC",
        "branch": "CE & IT (UG)",
        "CE": 0,
        "ENTC": 0,
        "IT": 0,
        "male": 0,
        "female": 0,
        "total": 0,
        "salary": 22,
        "date": 1600905600000,
        "investment": 0
    },
    {
        "company": "Siemens",
        "pointer": "7.95",
        "branch": "All (UG)",
        "CE": 5,
        "ENTC": 0,
        "IT": 2,
        "male": 7,
        "female": 0,
        "total": 7,
        "salary": 9,
        "date": 1601337600000,
        "investment": 63
    },
    {
        "company": "TCS Digital",
        "pointer": "7.95",
        "branch": "All (UG)",
        "CE": 12,
        "ENTC": 12,
        "IT": 5,
        "male": 21,
        "female": 8,
        "total": 29,
        "salary": 7,
        "date": 1586476800000,
        "investment": 203
    },
    {
        "company": "udChalo",
        "pointer": "6.50",
        "branch": "All (UG)",
        "CE": 2,
        "ENTC": 0,
        "IT": 2,
        "male": 4,
        "female": 0,
        "total": 4,
        "salary": 6.35,
        "date": 1589068800000,
        "investment": 25.4
    },
    {
        "company": "Quantiphi",
        "pointer": "7.38",
        "branch": "All (UG)",
        "CE": 4,
        "ENTC": 0,
        "IT": 5,
        "male": 7,
        "female": 2,
        "total": 9,
        "salary": 8.5,
        "date": 1594339200000,
        "investment": 76.5
    },
    {
        "company": "PhonePe",
        "pointer": "7.50",
        "branch": "All (UG)",
        "CE": 1,
        "ENTC": 0,
        "IT": 0,
        "male": 0,
        "female": 1,
        "total": 1,
        "salary": 30.5,
        "date": 1602633600000,
        "investment": 30.5
    },
    {
        "company": "Cognizant",
        "pointer": "6.82",
        "branch": "All (UG)",
        "CE": 0,
        "ENTC": 0,
        "IT": 1,
        "male": 1,
        "female": 0,
        "total": 1,
        "salary": 6.75,
        "date": 1602720000000,
        "investment": 6.75
    },
    {
        "company": "Arista Networks",
        "pointer": "8.00",
        "branch": "All (UG)",
        "CE": 1,
        "ENTC": 0,
        "IT": 1,
        "male": 2,
        "female": 0,
        "total": 2,
        "salary": 15.5,
        "date": 1603065600000,
        "investment": 31
    },
    {
        "company": "NICE Systems",
        "pointer": "6.82",
        "branch": "CE & IT (UG)",
        "CE": 7,
        "ENTC": 0,
        "IT": 5,
        "male": 8,
        "female": 4,
        "total": 12,
        "salary": 7.25,
        "date": 1603756800000,
        "investment": 87
    },
    {
        "company": "CrowdStrike",
        "pointer": "7.95",
        "branch": "CE & IT (UG)",
        "CE": 1,
        "ENTC": 0,
        "IT": 0,
        "male": 1,
        "female": 0,
        "total": 1,
        "salary": 12.65,
        "date": 1604016000000,
        "investment": 12.65
    },
    {
        "company": "CakeSoft Technologies",
        "pointer": "8.00",
        "branch": "All (UG)",
        "CE": 5,
        "ENTC": 0,
        "IT": 4,
        "male": 8,
        "female": 1,
        "total": 9,
        "salary": 12,
        "date": 1594425600000,
        "investment": 108
    },
    {
        "company": "Sophos",
        "pointer": "6.82",
        "branch": "All (UG)",
        "CE": 3,
        "ENTC": 2,
        "IT": 3,
        "male": 6,
        "female": 2,
        "total": 8,
        "salary": 6.3,
        "date": 1605744000000,
        "investment": 50.4
    },
    {
        "company": "Purplle.com",
        "pointer": "NC",
        "branch": "All (UG)",
        "CE": 0,
        "ENTC": 0,
        "IT": 0,
        "male": 0,
        "female": 0,
        "total": 0,
        "salary": 6.5,
        "date": 1606089600000,
        "investment": 0
    },
    {
        "company": "Valuence Holdings",
        "pointer": "NC",
        "branch": "All (UG)",
        "CE": 2,
        "ENTC": 0,
        "IT": 0,
        "male": 1,
        "female": 1,
        "total": 2,
        "salary": 21.22,
        "date": 1606521600000,
        "investment": 42.44
    },
    {
        "company": "AlefEdge",
        "pointer": "6.82",
        "branch": "All (UG)",
        "CE": 5,
        "ENTC": 1,
        "IT": 1,
        "male": 6,
        "female": 1,
        "total": 7,
        "salary": 7.04,
        "date": 1606694400000,
        "investment": 49.28
    },
    {
        "company": "Infogen Labs",
        "pointer": "6.82",
        "branch": "CE & IT (UG)",
        "CE": 5,
        "ENTC": 0,
        "IT": 0,
        "male": 3,
        "female": 2,
        "total": 5,
        "salary": 5,
        "date": 1594512000000,
        "investment": 25
    },
    {
        "company": "Kylas",
        "pointer": "6.82",
        "branch": "All (UG)",
        "CE": 2,
        "ENTC": 0,
        "IT": 2,
        "male": 3,
        "female": 1,
        "total": 4,
        "salary": 13.11,
        "date": 1602460800000,
        "investment": 52.44
    },
    {
        "company": "bizAmica Software",
        "pointer": "7.50",
        "branch": "CE & IT (UG)",
        "CE": 0,
        "ENTC": 0,
        "IT": 2,
        "male": 2,
        "female": 0,
        "total": 2,
        "salary": 6,
        "date": 1607731200000,
        "investment": 12
    },
    {
        "company": "Hitachi Vantara",
        "pointer": "7.95",
        "branch": "CE & IT (UG)",
        "CE": 0,
        "ENTC": 0,
        "IT": 0,
        "male": 0,
        "female": 0,
        "total": 0,
        "salary": 6.5,
        "date": 1607817600000,
        "investment": 0
    },
    {
        "company": "Salesforce",
        "pointer": "7.95",
        "branch": "CE & IT (UG)",
        "CE": 2,
        "ENTC": 0,
        "IT": 0,
        "male": 0,
        "female": 2,
        "total": 2,
        "salary": 8.57,
        "date": 1608076800000,
        "investment": 17.14
    },
    {
        "company": "Hexaware Technologies",
        "pointer": "6.82",
        "branch": "All (UG)",
        "CE": 2,
        "ENTC": 1,
        "IT": 0,
        "male": 2,
        "female": 1,
        "total": 3,
        "salary": 5,
        "date": 1608249600000,
        "investment": 15
    },
    {
        "company": "Medly Pharmacy",
        "pointer": "6.82",
        "branch": "CE & IT (UG)",
        "CE": 2,
        "ENTC": 0,
        "IT": 1,
        "male": 3,
        "female": 0,
        "total": 3,
        "salary": 7,
        "date": 1608508800000,
        "investment": 21
    },
    {
        "company": "HSBC",
        "pointer": "6.82",
        "branch": "All (UG)",
        "CE": 15,
        "ENTC": 9,
        "IT": 9,
        "male": 26,
        "female": 7,
        "total": 33,
        "salary": 7,
        "date": 1608681600000,
        "investment": 231
    },
    {
        "company": "eQ Technologic",
        "pointer": "6.82",
        "branch": "All (UG)",
        "CE": 5,
        "ENTC": 0,
        "IT": 7,
        "male": 10,
        "female": 2,
        "total": 12,
        "salary": 8.5,
        "date": 1622505600000,
        "investment": 102
    },
    {
        "company": "eQ Technologic",
        "pointer": "6.82",
        "branch": "All (UG)",
        "CE": 0,
        "ENTC": 4,
        "IT": 0,
        "male": 4,
        "female": 0,
        "total": 4,
        "salary": 7.5,
        "date": 1622505600000,
        "investment": 30
    },
    {
        "company": "Acquia",
        "pointer": "6.82",
        "branch": "CE & IT (UG)",
        "CE": 3,
        "ENTC": 0,
        "IT": 6,
        "male": 5,
        "female": 4,
        "total": 9,
        "salary": 8.38,
        "date": 1622505600000,
        "investment": 75.42
    },
    {
        "company": "Ciena",
        "pointer": "7.95",
        "branch": "CE & IT (UG)",
        "CE": 0,
        "ENTC": 0,
        "IT": 0,
        "male": 0,
        "female": 0,
        "total": 0,
        "salary": 10.5,
        "date": 1635724800000,
        "investment": 0
    },
    {
        "company": "Platform9 Systems",
        "pointer": "7.00",
        "branch": "All (UG)",
        "CE": 2,
        "ENTC": 0,
        "IT": 3,
        "male": 5,
        "female": 0,
        "total": 5,
        "salary": 10,
        "date": 1635724800000,
        "investment": 50
    },
    {
        "company": "Apisero",
        "pointer": "6.50",
        "branch": "All (UG)",
        "CE": 3,
        "ENTC": 7,
        "IT": 2,
        "male": 9,
        "female": 3,
        "total": 12,
        "salary": 5.1,
        "date": 1610668800000,
        "investment": 61.2
    },
    {
        "company": "Sell.do",
        "pointer": "6.82",
        "branch": "CE & IT (UG)",
        "CE": 3,
        "ENTC": 0,
        "IT": 0,
        "male": 2,
        "female": 1,
        "total": 3,
        "salary": 7.87,
        "date": 1610755200000,
        "investment": 23.61
    },
    {
        "company": "IDFC FIRST Bank",
        "pointer": "6.82",
        "branch": "CE",
        "CE": 1,
        "ENTC": 0,
        "IT": 0,
        "male": 1,
        "female": 0,
        "total": 1,
        "salary": 15,
        "date": 1611014400000,
        "investment": 15
    },
    {
        "company": "RBL Bank",
        "pointer": "6.82",
        "branch": "CE & IT (UG)",
        "CE": 4,
        "ENTC": 0,
        "IT": 0,
        "male": 1,
        "female": 3,
        "total": 4,
        "salary": 9,
        "date": 1611273600000,
        "investment": 36
    },
    {
        "company": "McKinley & Rice",
        "pointer": "NC",
        "branch": "All (UG)",
        "CE": 0,
        "ENTC": 0,
        "IT": 0,
        "male": 0,
        "female": 0,
        "total": 0,
        "salary": 5,
        "date": 1611532800000,
        "investment": 0
    },
    {
        "company": "miniOrange",
        "pointer": "6.82",
        "branch": "All (UG)",
        "CE": 9,
        "ENTC": 5,
        "IT": 6,
        "male": 18,
        "female": 2,
        "total": 20,
        "salary": 6,
        "date": 1611619200000,
        "investment": 120
    },
    {
        "company": "Tracelink",
        "pointer": "7.00",
        "branch": "CE & IT (UG)",
        "CE": 5,
        "ENTC": 0,
        "IT": 0,
        "male": 4,
        "female": 1,
        "total": 5,
        "salary": 9,
        "date": 1611792000000,
        "investment": 45
    },
    {
        "company": "Jaro Education",
        "pointer": "NC",
        "branch": "All (UG)",
        "CE": 0,
        "ENTC": 0,
        "IT": 0,
        "male": 0,
        "female": 0,
        "total": 0,
        "salary": 6.6,
        "date": 1611878400000,
        "investment": 0
    },
    {
        "company": "Red Panda",
        "pointer": "6.82",
        "branch": "All (UG)",
        "CE": 1,
        "ENTC": 1,
        "IT": 1,
        "male": 3,
        "female": 0,
        "total": 3,
        "salary": 5,
        "date": 1611964800000,
        "investment": 15
    },
    {
        "company": "Schlumberger",
        "pointer": "6.82",
        "branch": "All (UG)",
        "CE": 0,
        "ENTC": 1,
        "IT": 1,
        "male": 0,
        "female": 2,
        "total": 2,
        "salary": 8.8,
        "date": 1617321600000,
        "investment": 17.6
    },
    {
        "company": "Delhivery",
        "pointer": "6.50",
        "branch": "All (UG)",
        "CE": 0,
        "ENTC": 0,
        "IT": 0,
        "male": 0,
        "female": 0,
        "total": 0,
        "salary": 8,
        "date": 1635811200000,
        "investment": 0
    },
    {
        "company": "ElasticRun",
        "pointer": "6.82",
        "branch": "CE & IT (UG)",
        "CE": 0,
        "ENTC": 0,
        "IT": 1,
        "male": 1,
        "female": 0,
        "total": 1,
        "salary": 8,
        "date": 1638403200000,
        "investment": 8
    },
    {
        "company": "ElasticRun",
        "pointer": "6.82",
        "branch": "CE & IT (UG)",
        "CE": 1,
        "ENTC": 0,
        "IT": 1,
        "male": 2,
        "female": 0,
        "total": 2,
        "salary": 6,
        "date": 1638403200000,
        "investment": 12
    },
    {
        "company": "Helpshift Technologies",
        "pointer": "NC",
        "branch": "All (UG)",
        "CE": 4,
        "ENTC": 1,
        "IT": 0,
        "male": 3,
        "female": 2,
        "total": 5,
        "salary": 8,
        "date": 1613347200000,
        "investment": 40
    },
    {
        "company": "BUDDI.AI",
        "pointer": "NC",
        "branch": "All (UG)",
        "CE": 0,
        "ENTC": 0,
        "IT": 2,
        "male": 2,
        "female": 0,
        "total": 2,
        "salary": 7,
        "date": 1613520000000,
        "investment": 14
    },
    {
        "company": "Codevita Live",
        "pointer": "6.82",
        "branch": "All (UG)",
        "CE": 0,
        "ENTC": 1,
        "IT": 0,
        "male": 0,
        "female": 1,
        "total": 1,
        "salary": 14.4,
        "date": 1609632000000,
        "investment": 14.4
    },
    {
        "company": "FlexTrade",
        "pointer": "NC",
        "branch": "CE & IT (UG)",
        "CE": 2,
        "ENTC": 0,
        "IT": 0,
        "male": 2,
        "female": 0,
        "total": 2,
        "salary": 8.5,
        "date": 1612310400000,
        "investment": 17
    },
    {
        "company": "ADP",
        "pointer": "6.82",
        "branch": "All (UG)",
        "CE": 1,
        "ENTC": 0,
        "IT": 0,
        "male": 0,
        "female": 1,
        "total": 1,
        "salary": 5,
        "date": 1617408000000,
        "investment": 5
    },
    {
        "company": "EPIKInDiFi",
        "pointer": "8.00",
        "branch": "All (UG)",
        "CE": 0,
        "ENTC": 0,
        "IT": 0,
        "male": 0,
        "female": 0,
        "total": 0,
        "salary": 12.75,
        "date": 1620000000000,
        "investment": 0
    },
    {
        "company": "Vertical Fox",
        "pointer": "6.82",
        "branch": "CE & IT (UG)",
        "CE": 1,
        "ENTC": 0,
        "IT": 1,
        "male": 2,
        "female": 0,
        "total": 2,
        "salary": 6,
        "date": 1620000000000,
        "investment": 12
    },
    {
        "company": "Wednesday Solutions",
        "pointer": "NC",
        "branch": "CE & IT (UG)",
        "CE": 1,
        "ENTC": 0,
        "IT": 2,
        "male": 3,
        "female": 0,
        "total": 3,
        "salary": 6,
        "date": 1615766400000,
        "investment": 18
    },
    {
        "company": "SE2",
        "pointer": "6.82",
        "branch": "All (UG)",
        "CE": 1,
        "ENTC": 0,
        "IT": 3,
        "male": 2,
        "female": 2,
        "total": 4,
        "salary": 6.5,
        "date": 1616112000000,
        "investment": 26
    },
    {
        "company": "Altizon Inc.",
        "pointer": "7.00",
        "branch": "All (UG)",
        "CE": 2,
        "ENTC": 0,
        "IT": 1,
        "male": 2,
        "female": 1,
        "total": 3,
        "salary": 8.25,
        "date": 1616112000000,
        "investment": 24.75
    },
    {
        "company": "Uolo.com",
        "pointer": "6.82",
        "branch": "CE & IT (UG)",
        "CE": 0,
        "ENTC": 0,
        "IT": 0,
        "male": 0,
        "female": 0,
        "total": 0,
        "salary": 12,
        "date": 1616371200000,
        "investment": 0
    },
    {
        "company": "K12 Techno Services",
        "pointer": "NC",
        "branch": "All (UG)",
        "CE": 0,
        "ENTC": 5,
        "IT": 1,
        "male": 5,
        "female": 1,
        "total": 6,
        "salary": 6,
        "date": 1616457600000,
        "investment": 36
    },
    {
        "company": "PlanetSpark",
        "pointer": "NC",
        "branch": "All (UG)",
        "CE": 0,
        "ENTC": 2,
        "IT": 1,
        "male": 2,
        "female": 1,
        "total": 3,
        "salary": 6.5,
        "date": 1625356800000,
        "investment": 19.5
    },
    {
        "company": "TechVerito",
        "pointer": "7.38",
        "branch": "CE & IT (UG)",
        "CE": 0,
        "ENTC": 0,
        "IT": 0,
        "male": 0,
        "female": 0,
        "total": 0,
        "salary": 6,
        "date": 1618272000000,
        "investment": 0
    }
]